Workbook

Sheet 표지
L3: 문서보안 | M3: 일반문서 / 대외비
B9: 프로젝트 일정계획표 (WBS)
B10: 판로플랫폼 고도화 및 유지관리
H18: 기업 로고 추가
A22: Copyright © 2026 by 한국사회적기업진흥원 한국사회적기업진흥원의 사전 승인 없이 본 내용의 전부 또는 일부에 대한 복사, 전재, 배포, 사용을 금합니다.

Sheet 개정이력
B2: 개정이력
B4: 버전 | C4: 날짜 | D4: 개정내용 | E4: 작성자 | F4: 승인자
B6: 0.1 | C6: 26.1.26 | D6: 최초 작성 | E6: 장일훈 | F6: 장일훈
B7: 0.2
B8: 0.3
B9: 0.4
B10: 0.5
B11: 0.6
B12: 0.7

Sheet 월간투입인력현황표
B2: 판로플랫폼 고도화 및 유지관리 - 월별 인력투입현황
B4: 기술자명 | C4: 업무 | D4: 기술등급 | E4: 회사 | F4: 투입공수 (목표) | G4: 투입공수 (누적) | H4: 잔여공수 | I4: 월별 인력투입현황
I5: 1월 | K5: 2월 | M5: 3월 | O5: 4월 | Q5: 5월 | S5: 6월 | U5: 7월 | W5: 8월 | Y5: 9월 | AA5: 10월 | AC5: 11월 | AE5: 12월
I6: 목표 | J6: 투입 | K6: 목표 | L6: 투입 | M6: 목표 | N6: 투입 | O6: 목표 | P6: 투입 | Q6: 목표 | R6: 투입 | S6: 목표 | T6: 투입 | U6: 목표 | V6: 투입 | W6: 목표 | X6: 투입 | Y6: 목표 | Z6: 투입 | AA6: 목표 | AB6: 투입 | AC6: 목표 | AD6: 투입 | AE6: 목표 | AF6: 투입
B7: 장일훈 | C7: PM | D7: 특급 | E7: ㈜이포넷 | F7: =SUM(I7,K7,M7,O7,Q7,S7,U7,W7,Y7,AA7,AC7,AE7) -> 11.2 | G7: =SUM(J7,L7,N7,P7,R7,T7,V7,X7,Z7,AB7,AD7,AF7) -> 2.2 | H7: =F7-G7 -> 9 | I7: 0.2 | J7: 0.2 | K7: 1 | L7: 1 | M7: 1 | N7: 1 | O7: 1 | Q7: 1 | S7: 1 | U7: 1 | W7: 1 | Y7: 1 | AA7: 1 | AC7: 1 | AE7: 1
B8: 김선형 | C8: 업무총괄PL | D8: 특급 | E8: ㈜이포넷 | F8: =SUM(I8,K8,M8,O8,Q8,S8,U8,W8,Y8,AA8,AC8,AE8) -> 11.2 | G8: =SUM(J8,L8,N8,P8,R8,T8,V8,X8,Z8,AB8,AD8,AF8) -> 2.2 | H8: =F8-G8 -> 9 | I8: 0.2 | J8: 0.2 | K8: 1 | L8: 1 | M8: 1 | N8: 1 | O8: 1 | Q8: 1 | S8: 1 | U8: 1 | W8: 1 | Y8: 1 | AA8: 1 | AC8: 1 | AE8: 1
B9: 송현주 | C9: 사업관리 | D9: 특급 | E9: ㈜이포넷 | F9: =SUM(I9,K9,M9,O9,Q9,S9,U9,W9,Y9,AA9,AC9,AE9) -> 11.2 | G9: =SUM(J9,L9,N9,P9,R9,T9,V9,X9,Z9,AB9,AD9,AF9) -> 2.2 | H9: =F9-G9 -> 9 | I9: 0.2 | J9: 0.2 | K9: 1 | L9: 1 | M9: 1 | N9: 1 | O9: 1 | Q9: 1 | S9: 1 | U9: 1 | W9: 1 | Y9: 1 | AA9: 1 | AC9: 1 | AE9: 1
B10: 황안나 | C10: 분석설계 | D10: 특급 | E10: ㈜이포넷 | F10: =SUM(I10,K10,M10,O10,Q10,S10,U10,W10,Y10,AA10,AC10,AE10) -> 11.2 | G10: =SUM(J10,L10,N10,P10,R10,T10,V10,X10,Z10,AB10,AD10,AF10) -> 2.2 | H10: =F10-G10 -> 9 | I10: 0.2 | J10: 0.2 | K10: 1 | L10: 1 | M10: 1 | N10: 1 | O10: 1 | Q10: 1 | S10: 1 | U10: 1 | W10: 1 | Y10: 1 | AA10: 1 | AC10: 1 | AE10: 1
B11: 이진영 | C11: 분석설계 | D11: 고급 | E11: ㈜이포넷 | F11: =SUM(I11,K11,M11,O11,Q11,S11,U11,W11,Y11,AA11,AC11,AE11) -> 11.2 | G11: =SUM(J11,L11,N11,P11,R11,T11,V11,X11,Z11,AB11,AD11,AF11) -> 2.2 | H11: =F11-G11 -> 9 | I11: 0.2 | J11: 0.2 | K11: 1 | L11: 1 | M11: 1 | N11: 1 | O11: 1 | Q11: 1 | S11: 1 | U11: 1 | W11: 1 | Y11: 1 | AA11: 1 | AC11: 1 | AE11: 1
B12: 진예은 | C12: 개발 | D12: 초급 | E12: ㈜이포넷 | F12: =SUM(I12,K12,M12,O12,Q12,S12,U12,W12,Y12,AA12,AC12,AE12) -> 11.2 | G12: =SUM(J12,L12,N12,P12,R12,T12,V12,X12,Z12,AB12,AD12,AF12) -> 2.2 | H12: =F12-G12 -> 9 | I12: 0.2 | J12: 0.2 | K12: 1 | L12: 1 | M12: 1 | N12: 1 | O12: 1 | Q12: 1 | S12: 1 | U12: 1 | W12: 1 | Y12: 1 | AA12: 1 | AC12: 1 | AE12: 1
B13: 최민정 | C13: 개발 | D13: 초급 | E13: ㈜이포넷 | F13: =SUM(I13,K13,M13,O13,Q13,S13,U13,W13,Y13,AA13,AC13,AE13) -> 11.2 | G13: =SUM(J13,L13,N13,P13,R13,T13,V13,X13,Z13,AB13,AD13,AF13) -> 2.2 | H13: =F13-G13 -> 9 | I13: 0.2 | J13: 0.2 | K13: 1 | L13: 1 | M13: 1 | N13: 1 | O13: 1 | Q13: 1 | S13: 1 | U13: 1 | W13: 1 | Y13: 1 | AA13: 1 | AC13: 1 | AE13: 1
B14: 백철민 | C14: 개발 | D14: 고급 | E14: ㈜이포넷 | F14: =SUM(I14,K14,M14,O14,Q14,S14,U14,W14,Y14,AA14,AC14,AE14) -> 5.6 | G14: =SUM(J14,L14,N14,P14,R14,T14,V14,X14,Z14,AB14,AD14,AF14) -> 1.1 | H14: =F14-G14 -> 4.5 | I14: 0.1 | J14: 0.1 | K14: 0.5 | L14: 0.5 | M14: 0.5 | N14: 0.5 | O14: 0.5 | Q14: 0.5 | S14: 0.5 | U14: 0.5 | W14: 0.5 | Y14: 0.5 | AA14: 0.5 | AC14: 0.5 | AE14: 0.5
B15: 성민주 | C15: 개발 | D15: 초급 | E15: ㈜이포넷 | F15: =SUM(I15,K15,M15,O15,Q15,S15,U15,W15,Y15,AA15,AC15,AE15) -> 5.6 | G15: =SUM(J15,L15,N15,P15,R15,T15,V15,X15,Z15,AB15,AD15,AF15) -> 1.1 | H15: =F15-G15 -> 4.5 | I15: 0.1 | J15: 0.1 | K15: 0.5 | L15: 0.5 | M15: 0.5 | N15: 0.5 | O15: 0.5 | Q15: 0.5 | S15: 0.5 | U15: 0.5 | W15: 0.5 | Y15: 0.5 | AA15: 0.5 | AC15: 0.5 | AE15: 0.5
B16: 이동하 | C16: 개발 | D16: 특급 | E16: 오엠 인터렉티브 | F16: =SUM(I16,K16,M16,O16,Q16,S16,U16,W16,Y16,AA16,AC16,AE16) -> 5 | G16: =SUM(J16,L16,N16,P16,R16,T16,V16,X16,Z16,AB16,AD16,AF16) -> 0.5 | H16: =F16-G16 -> 4.5 | M16: 0.5 | N16: 0.5 | O16: 0.5 | Q16: 0.5 | S16: 0.5 | U16: 0.5 | W16: 0.5 | Y16: 0.5 | AA16: 0.5 | AC16: 0.5 | AE16: 0.5
B17: 김다정 | C17: 개발 | D17: 고급 | E17: 오엠 인터렉티브 | F17: =SUM(I17,K17,M17,O17,Q17,S17,U17,W17,Y17,AA17,AC17,AE17) -> 10 | G17: =SUM(J17,L17,N17,P17,R17,T17,V17,X17,Z17,AB17,AD17,AF17) -> 1 | H17: =F17-G17 -> 9 | M17: 1 | N17: 1 | O17: 1 | Q17: 1 | S17: 1 | U17: 1 | W17: 1 | Y17: 1 | AA17: 1 | AC17: 1 | AE17: 1
B18: 양승현 | C18: 개발 | D18: 중급 | E18: 오엠 인터렉티브 | F18: =SUM(I18,K18,M18,O18,Q18,S18,U18,W18,Y18,AA18,AC18,AE18) -> 10 | G18: =SUM(J18,L18,N18,P18,R18,T18,V18,X18,Z18,AB18,AD18,AF18) -> 1 | H18: =F18-G18 -> 9 | M18: 1 | N18: 1 | O18: 1 | Q18: 1 | S18: 1 | U18: 1 | W18: 1 | Y18: 1 | AA18: 1 | AC18: 1 | AE18: 1
B19: 합계 | F19: =SUM(F7:F18) -> 114.6 | G19: =SUM(G7:G18) -> 20.1 | H19: =SUM(H7:H15) -> 72 | I19: =SUM(I7:I18) -> 1.6 | J19: =SUM(J7:J18) -> 1.6 | K19: =SUM(K7:K18) -> 8 | L19: =SUM(L7:L18) -> 8 | M19: =SUM(M7:M18) -> 10.5 | N19: =SUM(N7:N18) -> 10.5 | O19: =SUM(O7:O18) -> 10.5 | P19: =SUM(P7:P18) -> 0 | ... AF19: =SUM(AF7:AF18) -> 0

Sheet 진척율보고서
B2: 프로젝트 진척률 보고서
B4: 1. 프로젝트 명 | D4: ='표지'!B10 -> 판로플랫폼 고도화 및 유지관리 | I4: 누적 실적 측정 기준일 | M4: 46108
B5: 2. 프로젝트 일정 | D5: 누적 진척률 계산기간
D6: 시작일 | G6: 종료일
D7: 46048 | G7: 46387
B8: 3. 프로젝트 진척율 | D8: 구분 | G8: 가중치 | I8: 전체진척률(100%) | J8: 가중치 진척률 | N8: 비고
J9: 목표진척률 | K9: 실적진척률 | L9: 달성률 | M9: 진행상태 | N9: ○ 실적 진척률 부여 기준(각 Task) (예시)
D10: 사업관리 | G10: 10 | I10: ='1.사업관리'!$O$2 -> 0.2371134 | J10: ='1.사업관리'!$L$6 -> 0.02371134 | K10: =IF('1.사업관리'!$N$6>J10,J10,'1.사업관리'!$N$6) -> 0.02371134 | L10: =IF(IFERROR(K10/J10,0)>1,1,IFERROR(K10/J10,0)) -> 1 | M10: =IF(J10=0,"시작전", IF(L10>=0.95,"양호",IF(L10>=0.85,"지연","위험"))) -> 양호 | N10: <진척률> - 미착수 : 0% - 착수 : 20% - 수행 1단계 : 35% - 수행 2단계 : 55% - 테스트 : 70% - PL확인 : 80% - PM확인 : 95% - 완료 : 100% <상태> - 양호 : 95% 이상 - 지연 : 95% 미만 - 위험 : 90% 미만
D11: 유지보수 | E11: 챗봇 | G11: =SUM(H11:H14) -> 90 | H11: 20 | I11: ='2.챗봇'!$O$2 -> 0.15384615 | J11: ='2.챗봇'!$L$6 -> 0.030769231 | K11: =IF('2.챗봇'!$N$6>J11,J11,'2.챗봇'!$N$6) -> 0.030769231 | L11: =IF(IFERROR(K11/J11,0)>1,1,IFERROR(K11/J11,0)) -> 1 | M11: =IF(J11=0,"시작전", IF(L11>=0.95,"양호",IF(L11>=0.85,"지연","위험"))) -> 양호
E12: 티켓관리 | H12: 20 | I12: ='3.티켓관리'!$O$2 -> 0.15384615 | J12: ='3.티켓관리'!$L$6 -> 0.030769231 | K12: =IF('3.티켓관리'!$N$6>J12,J12,'3.티켓관리'!$N$6) -> 0.030769231 | L12: =IF(IFERROR(K12/J12,0)>1,1,IFERROR(K12/J12,0)) -> 1 | M12: =IF(J12=0,"시작전", IF(L12>=0.95,"양호",IF(L12>=0.85,"지연","위험"))) -> 양호
E13: 기능개선 | H13: 30 | I13: ='4.기능개선'!$O$2 -> 0.5475 | J13: ='4.기능개선'!$L$6 -> 0.1728399 | K13: =IF('4.기능개선'!$N$6>J13,J13,'4.기능개선'!$N$6) -> 0.16425 | L13: =IF(IFERROR(K13/J13,0)>1,1,IFERROR(K13/J13,0)) -> 0.9503014 | M13: =IF(J13=0,"시작전", IF(L13>=0.95,"양호",IF(L13>=0.85,"지연","위험"))) -> 양호
E14: SLA협약 | H14: 20 | I14: ='5.SLA협약'!$O$2 -> 0.37916667 | J14: ='5.SLA협약'!$L$6 -> 0.075 | K14: =IF('5.SLA협약'!$N$6>J14,J14,'5.SLA협약'!$N$6) -> 0.075 | L14: =IF(IFERROR(K14/J14,0)>1,1,IFERROR(K14/J14,0)) -> 1 | M14: =IF(J14=0,"시작전", IF(L14>=0.95,"양호",IF(L14>=0.85,"지연","위험"))) -> 양호
D15: 전체 | G15: =SUM(G10:G14) -> 100 | I15: =AVERAGE(I10:I14) -> 0.29429448 | J15: =SUM(J10:J14) -> 0.3330897 | K15: =SUM(K10:K14) -> 0.3244998 | L15: =IF(IFERROR(K15/J15,0)>1,1,IFERROR(K15/J15,0)) -> 0.97421145 | M15: =IF(L15>=0.95,"양호",IF(L15>=0.85,"지연","위험")) -> 양호

Sheet 1.사업관리
B2: 1. 사업관리 | I2: 계획진척률(누적) | K2: =(SUM(L8:L15)+SUM(L17:L19)+SUM(L21:L25)+SUM(L27:L50)+SUM(L52:L55)+SUM(L57:L61)+SUM(L63:L123))/(COUNT(L8:L15)+COUNT(L17:L19)+COUNT(L21:L25)+COUNT(L27:L50)+COUNT(L52:L55)+COUNT(L57:L61)+COUNT(L63:L123)) -> 0.2371134 | M2: 실적진척률(누적) | O2: =(SUM(N8:N15)+SUM(N17:N19)+SUM(N21:N25)+SUM(N27:N50)+SUM(N52:N55)+SUM(N57:N61)+SUM(N63:N123))/(COUNT(N8:N15)+COUNT(N17:N19)+COUNT(N21:N25)+COUNT(N27:N50)+COUNT(N52:N55)+COUNT(N57:N61)+COUNT(N63:N123)) -> 0.2371134
I3: 계획 | M3: 실적
B4: 구분 | C4: 단계 | D4: Task | F4: 산출물 | G4: 담당자 | H4: 가중치 | I4: 계획시작일 | J4: 계획종료일 | K4: 기간(day) | L4: 계획률 | M4: 상태 | N4: 진척률 | O4: 실제시작일 | P4: 실제종료일
D5: 요약 | E5: 업무내용
B6: 사업관리 | H6: ='진척율보고서'!G10 -> 10 | K6: =IF(OR(ISBLANK($I6), ISBLANK($J6)),"",NETWORKDAYS($I6,$J6)) | L6: =K2*H6/100 -> 0.02371134 | N6: =O2*H6/100 -> 0.02371134
C7: 마일스톤 | I7: =MIN(I8:I15) -> 46048 | J7: =MAX(J8:J15) -> 46372 | K7: =IF(OR(ISBLANK($I7), ISBLANK($J7)),"",NETWORKDAYS($I7,$J7)) -> 233 | L7: =SUM(L8:L15)/COUNT(L8:L15) -> 0.4 | N7: =SUM(N8:N15)/COUNT(N8:N15) -> 0.4
D8: 착수보고회
E9: 사업수행계획서 작성 및 제출 | F9: 착수계, 사업수행계획서 | G9: 장일훈 | I9: 46048 | J9: 46059 | K9: =IF(OR(ISBLANK($I9), ISBLANK($J9)),"",NETWORKDAYS($I9,$J9)) -> 10 | L9: =IF(OR(ISBLANK($I9), ISBLANK($J9)), "", IF('진척율보고서'!$M$4 < $I9, 0, IF('진척율보고서'!$M$4 >= $J9, 1, NETWORKDAYS($I9,'진척율보고서'!$M$4)/$K9))) -> 1 | M9: 완료 | N9: =IF($M9="완료",1,IF($M9="PM확인",0.95,IF($M9="PL확인",0.8,IF($M9="테스트",0.7,IF($M9="수행2단계",0.55,IF($M9="수행1단계",0.35,IF($M9="착수",0.2,IF($M9="미착수",0,"")))))))) -> 1 | O9: 46048 | P9: 46055
E10: 착수보고회 준비 및 시행 | G10: 장일훈 | I10: 46055 | J10: 46063 | K10: =IF(OR(ISBLANK($I10), ISBLANK($J10)),"",NETWORKDAYS($I10,$J10)) -> 7 | L10: =IF(OR(ISBLANK($I10), ISBLANK($J10)), "", IF('진척율보고서'!$M$4 < $I10, 0, IF('진척율보고서'!$M$4 >= $J10, 1, NETWORKDAYS($I10,'진척율보고서'!$M$4)/$K10))) -> 1 | M10: 완료 | N10: =IF($M10="완료",1,IF($M10="PM확인",0.95,IF($M10="PL확인",0.8,IF($M10="테스트",0.7,IF($M10="수행2단계",0.55,IF($M10="수행1단계",0.35,IF($M10="착수",0.2,IF($M10="미착수",0,"")))))))) -> 1 | O10: 46055 | P10: 46063
D11: 중간보고회
E12: 워크샵 및 중간보고 발표자료 작성 | F12: 중간보고 발표자료 | G12: 장일훈 | I12: 46211 | J12: 46211 | K12: =IF(OR(ISBLANK($I12), ISBLANK($J12)),"",NETWORKDAYS($I12,$J12)) -> 1 | L12: =IF(OR(ISBLANK($I12), ISBLANK($J12)), "", IF('진척율보고서'!$M$4 < $I12, 0, IF('진척율보고서'!$M$4 >= $J12, 1, NETWORKDAYS($I12,'진척율보고서'!$M$4)/$K12))) -> 0 | M12: 미착수 | N12: =IF($M12="완료",1,IF($M12="PM확인",0.95,IF($M12="PL확인",0.8,IF($M12="테스트",0.7,IF($M12="수행2단계",0.55,IF($M12="수행1단계",0.35,IF($M12="착수",0.2,IF($M12="미착수",0,"")))))))) -> 0
D13: 완료보고회
E14: 완료보고 발표자료 작성 및 제출 | F14: 완료보고서 | G14: 장일훈 | I14: 46363 | J14: 46367 | K14: =IF(OR(ISBLANK($I14), ISBLANK($J14)),"",NETWORKDAYS($I14,$J14)) -> 5 | L14: =IF(OR(ISBLANK($I14), ISBLANK($J14)), "", IF('진척율보고서'!$M$4 < $I14, 0, IF('진척율보고서'!$M$4 >= $J14, 1, NETWORKDAYS($I14,'진척율보고서'!$M$4)/$K14))) -> 0 | M14: 미착수 | N14: =IF($M14="완료",1,IF($M14="PM확인",0.95,IF($M14="PL확인",0.8,IF($M14="테스트",0.7,IF($M14="수행2단계",0.55,IF($M14="수행1단계",0.35,IF($M14="착수",0.2,IF($M14="미착수",0,"")))))))) -> 0
E15: 완료보고회 준비 및 시행 | G15: 사업단 | I15: 46372 | J15: 46372 | K15: =IF(OR(ISBLANK($I15), ISBLANK($J15)),"",NETWORKDAYS($I15,$J15)) -> 1 | L15: =IF(OR(ISBLANK($I15), ISBLANK($J15)), "", IF('진척율보고서'!$M$4 < $I15, 0, IF('진척율보고서'!$M$4 >= $J15, 1, NETWORKDAYS($I15,'진척율보고서'!$M$4)/$K15))) -> 0 | M15: 미착수 | N15: =IF($M15="완료",1,IF($M15="PM확인",0.95,IF($M15="PL확인",0.8,IF($M15="테스트",0.7,IF($M15="수행2단계",0.55,IF($M15="수행1단계",0.35,IF($M15="착수",0.2,IF($M15="미착수",0,"")))))))) -> 0
C16: 착수 및 환경구성 | I16: =MIN(I17:I19) -> 46048 | J16: =MAX(J17:J19) -> 46052 | K16: =IF(OR(ISBLANK($I16), ISBLANK($J16)),"",NETWORKDAYS($I16,$J16)) -> 5 | L16: =SUM(L17:L19)/COUNT(L17:L19) -> 1 | N16: =SUM(N17:N19)/COUNT(N17:N19) -> 1
D17: 업무 환경 구성
E18: 사무실 및 네트워크 환경 구성 | G18: 사업단 | I18: 46048 | J18: 46052 | K18: =IF(OR(ISBLANK($I18), ISBLANK($J18)),"",NETWORKDAYS($I18,$J18)) -> 5 | L18: =IF(OR(ISBLANK($I18), ISBLANK($J18)), "", IF('진척율보고서'!$M$4 < $I18, 0, IF('진척율보고서'!$M$4 >= $J18, 1, NETWORKDAYS($I18,'진척율보고서'!$M$4)/$K18))) -> 1 | M18: 완료 | N18: =IF($M18="완료",1,IF($M18="PM확인",0.95,IF($M18="PL확인",0.8,IF($M18="테스트",0.7,IF($M18="수행2단계",0.55,IF($M18="수행1단계",0.35,IF($M18="착수",0.2,IF($M18="미착수",0,"")))))))) -> 1 | O18: 46048 | P18: 46048
E19: 투입인력 장비 구성 | G19: 사업단 | I19: 46048 | J19: 46052 | K19: =IF(OR(ISBLANK($I19), ISBLANK($J19)),"",NETWORKDAYS($I19,$J19)) -> 5 | L19: =IF(OR(ISBLANK($I19), ISBLANK($J19)), "", IF('진척율보고서'!$M$4 < $I19, 0, IF('진척율보고서'!$M$4 >= $J19, 1, NETWORKDAYS($I19,'진척율보고서'!$M$4)/$K19))) -> 1 | M19: 완료 | N19: =IF($M19="완료",1,IF($M19="PM확인",0.95,IF($M19="PL확인",0.8,IF($M19="테스트",0.7,IF($M19="수행2단계",0.55,IF($M19="수행1단계",0.35,IF($M19="착수",0.2,IF($M19="미착수",0,"")))))))) -> 1 | O19: 46048 | P19: 46048
C20: 사업분석 및 요구사항 정의 | I20: =MIN(I21:I25) -> 46048 | J20: =MAX(J21:J25) -> 46080 | K20: =IF(OR(ISBLANK($I20), ISBLANK($J20)),"",NETWORKDAYS($I20,$J20)) -> 25 | L20: =SUM(L21:L25)/COUNT(L21:L25) -> 1 | N20: =SUM(N21:N25)/COUNT(N21:N25) -> 1
D21: WBS 및 요구사항 정의 (기능개선)
E22: WBS 작성 | F22: WBS | G22: 장일훈 | I22: 46048 | J22: 46059 | K22: =IF(OR(ISBLANK($I22), ISBLANK($J22)),"",NETWORKDAYS($I22,$J22)) -> 10 | L22: =IF(OR(ISBLANK($I22), ISBLANK($J22)), "", IF('진척율보고서'!$M$4 < $I22, 0, IF('진척율보고서'!$M$4 >= $J22, 1, NETWORKDAYS($I22,'진척율보고서'!$M$4)/$K22))) -> 1 | M22: 완료 | N22: =IF($M22="완료",1,IF($M22="PM확인",0.95,IF($M22="PL확인",0.8,IF($M22="테스트",0.7,IF($M22="수행2단계",0.55,IF($M22="수행1단계",0.35,IF($M22="착수",0.2,IF($M22="미착수",0,"")))))))) -> 1 | O22: 46048 | P22: 46059
E23: 요구사항 분석 및 정의 1차 | F23: 요구사항정의서 | G23: 업무PL | I23: 46055 | J23: 46059 | K23: =IF(OR(ISBLANK($I23), ISBLANK($J23)),"",NETWORKDAYS($I23,$J23)) -> 5 | L23: =IF(OR(ISBLANK($I23), ISBLANK($J23)), "", IF('진척율보고서'!$M$4 < $I23, 0, IF('진척율보고서'!$M$4 >= $J23, 1, NETWORKDAYS($I23,'진척율보고서'!$M$4)/$K23))) -> 1 | M23: 완료 | N23: =IF($M23="완료",1,IF($M23="PM확인",0.95,IF($M23="PL확인",0.8,IF($M23="테스트",0.7,IF($M23="수행2단계",0.55,IF($M23="수행1단계",0.35,IF($M23="착수",0.2,IF($M23="미착수",0,"")))))))) -> 1 | O23: 46055 | P23: 46059
E24: 요구사항 분석 및 정의 2차 | F24: 요구사항추적표 | G24: 업무PL | I24: 46062 | J24: 46066 | K24: =IF(OR(ISBLANK($I24), ISBLANK($J24)),"",NETWORKDAYS($I24,$J24)) -> 5 | L24: =IF(OR(ISBLANK($I24), ISBLANK($J24)), "", IF('진척율보고서'!$M$4 < $I24, 0, IF('진척율보고서'!$M$4 >= $J24, 1, NETWORKDAYS($I24,'진척율보고서'!$M$4)/$K24))) -> 1 | M24: 완료 | N24: =IF($M24="완료",1,IF($M24="PM확인",0.95,IF($M24="PL확인",0.8,IF($M24="테스트",0.7,IF($M24="수행2단계",0.55,IF($M24="수행1단계",0.35,IF($M24="착수",0.2,IF($M24="미착수",0,"")))))))) -> 1 | O24: 46062 | P24: 46066
E25: 요구사항 분석 및 정의 3차 | F25: 요구사항추적표 | G25: 업무PL | I25: 46076 | J25: 46080 | K25: =IF(OR(ISBLANK($I25), ISBLANK($J25)),"",NETWORKDAYS($I25,$J25)) -> 5 | L25: =IF(OR(ISBLANK($I25), ISBLANK($J25)), "", IF('진척율보고서'!$M$4 < $I25, 0, IF('진척율보고서'!$M$4 >= $J25, 1, NETWORKDAYS($I25,'진척율보고서'!$M$4)/$K25))) -> 1 | M25: 완료 | N25: =IF($M25="완료",1,IF($M25="PM확인",0.95,IF($M25="PL확인",0.8,IF($M25="테스트",0.7,IF($M25="수행2단계",0.55,IF($M25="수행1단계",0.35,IF($M25="착수",0.2,IF($M25="미착수",0,"")))))))) -> 1 | O25: 46076 | P25: 46080
C26: 보안관리 | I26: =MIN(I27:I50) -> 46048 | J26: =MAX(J27:J50) -> 46387 | K26: =IF(OR(ISBLANK($I26), ISBLANK($J26)),"",NETWORKDAYS($I26,$J26)) -> 244 | L26: =SUM(L27:L50)/COUNT(L27:L50) -> 0.33333333 | N26: =SUM(N27:N50)/COUNT(N27:N50) -> 0.33333333
D27: 물리적 보안 시행
E28: 사무실 출입 보안 장치 구성 | G28: 사업단 | I28: 46048 | J28: 46052 | K28: =IF(OR(ISBLANK($I28), ISBLANK($J28)),"",NETWORKDAYS($I28,$J28)) -> 5 | L28: =IF(OR(ISBLANK($I28), ISBLANK($J28)), "", IF('진척율보고서'!$M$4 < $I28, 0, IF('진척율보고서'!$M$4 >= $J28, 1, NETWORKDAYS($I28,'진척율보고서'!$M$4)/$K28))) -> 1 | M28: 완료 | N28: =IF($M28="완료",1,IF($M28="PM확인",0.95,IF($M28="PL확인",0.8,IF($M28="테스트",0.7,IF($M28="수행2단계",0.55,IF($M28="수행1단계",0.35,IF($M28="착수",0.2,IF($M28="미착수",0,"")))))))) -> 1 | O28: 46048 | P28: 46048
E29: 사무실 CCTV 신규 설치 | G29: 사업단 | I29: 46048 | J29: 46052 | K29: =IF(OR(ISBLANK($I29), ISBLANK($J29)),"",NETWORKDAYS($I29,$J29)) -> 5 | L29: =IF(OR(ISBLANK($I29), ISBLANK($J29)), "", IF('진척율보고서'!$M$4 < $I29, 0, IF('진척율보고서'!$M$4 >= $J29, 1, NETWORKDAYS($I29,'진척율보고서'!$M$4)/$K29))) -> 1 | M29: 완료 | N29: =IF($M29="완료",1,IF($M29="PM확인",0.95,IF($M29="PL확인",0.8,IF($M29="테스트",0.7,IF($M29="수행2단계",0.55,IF($M29="수행1단계",0.35,IF($M29="착수",0.2,IF($M29="미착수",0,"")))))))) -> 1 | O29: 46048 | P29: 46048
E30: 투입인력 PC 보안솔루션 설치 | G30: 사업단 | I30: 46048 | J30: 46052 | K30: =IF(OR(ISBLANK($I30), ISBLANK($J30)),"",NETWORKDAYS($I30,$J30)) -> 5 | L30: =IF(OR(ISBLANK($I30), ISBLANK($J30)), "", IF('진척율보고서'!$M$4 < $I30, 0, IF('진척율보고서'!$M$4 >= $J30, 1, NETWORKDAYS($I30,'진척율보고서'!$M$4)/$K30))) -> 1 | M30: 완료 | N30: =IF($M30="완료",1,IF($M30="PM확인",0.95,IF($M30="PL확인",0.8,IF($M30="테스트",0.7,IF($M30="수행2단계",0.55,IF($M30="수행1단계",0.35,IF($M30="착수",0.2,IF($M30="미착수",0,"")))))))) -> 1 | O30: 46048 | P30: 46048
D31: 보안산출물 작성
E32: 투입인력 보안서약서 작성 및 제출 | F32: 보안서약서 | G32: 사업단 | I32: 46055 | J32: 46066 | K32: =IF(OR(ISBLANK($I32), ISBLANK($J32)),"",NETWORKDAYS($I32,$J32)) -> 10 | L32: =IF(OR(ISBLANK($I32), ISBLANK($J32)), "", IF('진척율보고서'!$M$4 < $I32, 0, IF('진척율보고서'!$M$4 >= $J32, 1, NETWORKDAYS($I32,'진척율보고서'!$M$4)/$K32))) -> 1 | M32: 완료 | N32: =IF($M32="완료",1,IF($M32="PM확인",0.95,IF($M32="PL확인",0.8,IF($M32="테스트",0.7,IF($M32="수행2단계",0.55,IF($M32="수행1단계",0.35,IF($M32="착수",0.2,IF($M32="미착수",0,"")))))))) -> 1 | O32: 46055 | P32: 46066
E33: 개인정보 보안교육 | F33: 개인정보보안교육 결과 | G33: 사업단 | I33: 46055 | J33: 46055 | K33: =IF(OR(ISBLANK($I33), ISBLANK($J33)),"",NETWORKDAYS($I33,$J33)) -> 1 | L33: =IF(OR(ISBLANK($I33), ISBLANK($J33)), "", IF('진척율보고서'!$M$4 < $I33, 0, IF('진척율보고서'!$M$4 >= $J33, 1, NETWORKDAYS($I33,'진척율보고서'!$M$4)/$K33))) -> 1 | M33: 완료 | N33: =IF($M33="완료",1,IF($M33="PM확인",0.95,IF($M33="PL확인",0.8,IF($M33="테스트",0.7,IF($M33="수행2단계",0.55,IF($M33="수행1단계",0.35,IF($M33="착수",0.2,IF($M33="미착수",0,"")))))))) -> 1 | O33: 46055 | P33: 46055
E34: 사무실 출입관리대장 작성 | F34: 출입관리대장 | G34: 사업단 | I34: 46357 | J34: 46387 | K34: =IF(OR(ISBLANK($I34), ISBLANK($J34)),"",NETWORKDAYS($I34,$J34)) -> 23 | L34: =IF(OR(ISBLANK($I34), ISBLANK($J34)), "", IF('진척율보고서'!$M$4 < $I34, 0, IF('진척율보고서'!$M$4 >= $J34, 1, NETWORKDAYS($I34,'진척율보고서'!$M$4)/$K34))) -> 0 | M34: 미착수 | N34: =IF($M34="완료",1,IF($M34="PM확인",0.95,IF($M34="PL확인",0.8,IF($M34="테스트",0.7,IF($M34="수행2단계",0.55,IF($M34="수행1단계",0.35,IF($M34="착수",0.2,IF($M34="미착수",0,"")))))))) -> 0
E35: 전산장비 관리대장 작성 | F35: 전산장비 관리대장 | G35: 사업단 | I35: 46357 | J35: 46387 | K35: =IF(OR(ISBLANK($I35), ISBLANK($J35)),"",NETWORKDAYS($I35,$J35)) -> 23 | L35: =IF(OR(ISBLANK($I35), ISBLANK($J35)), "", IF('진척율보고서'!$M$4 < $I35, 0, IF('진척율보고서'!$M$4 >= $J35, 1, NETWORKDAYS($I35,'진척율보고서'!$M$4)/$K35))) -> 0 | M35: 미착수 | N35: =IF($M35="완료",1,IF($M35="PM확인",0.95,IF($M35="PL확인",0.8,IF($M35="테스트",0.7,IF($M35="수행2단계",0.55,IF($M35="수행1단계",0.35,IF($M35="착수",0.2,IF($M35="미착수",0,"")))))))) -> 0
E36: 자료제공 관리대장 작성 | F36: 자료제공 관리대장 | G36: 사업단 | I36: 46357 | J36: 46387 | K36: =IF(OR(ISBLANK($I36), ISBLANK($J36)),"",NETWORKDAYS($I36,$J36)) -> 23 | L36: =IF(OR(ISBLANK($I36), ISBLANK($J36)), "", IF('진척율보고서'!$M$4 < $I36, 0, IF('진척율보고서'!$M$4 >= $J36, 1, NETWORKDAYS($I36,'진척율보고서'!$M$4)/$K36))) -> 0 | M36: 미착수 | N36: =IF($M36="완료",1,IF($M36="PM확인",0.95,IF($M36="PL확인",0.8,IF($M36="테스트",0.7,IF($M36="수행2단계",0.55,IF($M36="수행1단계",0.35,IF($M36="착수",0.2,IF($M36="미착수",0,"")))))))) -> 0
E37: 반출입 관리대장 작성 | F37: 반출입 관리대장 | G37: 사업단 | I37: 46357 | J37: 46387 | K37: =IF(OR(ISBLANK($I37), ISBLANK($J37)),"",NETWORKDAYS($I37,$J37)) -> 23 | L37: =IF(OR(ISBLANK($I37), ISBLANK($J37)), "", IF('진척율보고서'!$M$4 < $I37, 0, IF('진척율보고서'!$M$4 >= $J37, 1, NETWORKDAYS($I37,'진척율보고서'!$M$4)/$K37))) -> 0 | M37: 미착수 | N37: =IF($M37="완료",1,IF($M37="PM확인",0.95,IF($M37="PL확인",0.8,IF($M37="테스트",0.7,IF($M37="수행2단계",0.55,IF($M37="수행1단계",0.35,IF($M37="착수",0.2,IF($M37="미착수",0,"")))))))) -> 0
E38: 프로젝트 투입인력 검토 및 확정 | F38: 투입인력현황 | G38: 사업단 | I38: 46048 | J38: 46059 | K38: =IF(OR(ISBLANK($I38), ISBLANK($J38)),"",NETWORKDAYS($I38,$J38)) -> 10 | L38: =IF(OR(ISBLANK($I38), ISBLANK($J38)), "", IF('진척율보고서'!$M$4 < $I38, 0, IF('진척율보고서'!$M$4 >= $J38, 1, NETWORKDAYS($I38,'진척율보고서'!$M$4)/$K38))) -> 1 | M38: 완료 | N38: =IF($M38="완료",1,IF($M38="PM확인",0.95,IF($M38="PL확인",0.8,IF($M38="테스트",0.7,IF($M38="수행2단계",0.55,IF($M38="수행1단계",0.35,IF($M38="착수",0.2,IF($M38="미착수",0,"")))))))) -> 1 | O38: 46055 | P38: 46059
D39: 보안교육(신규 투입 인원 발생 시)
E40: 02월 보안교육 | F40: 보안교육결과서 | G40: 사업단 | I40: 46076 | J40: 46076 | K40: =IF(OR(ISBLANK($I40), ISBLANK($J40)),"",NETWORKDAYS($I40,$J40)) -> 1 | L40: =IF(OR(ISBLANK($I40), ISBLANK($J40)), "", IF('진척율보고서'!$M$4 < $I40, 0, IF('진척율보고서'!$M$4 >= $J40, 1, NETWORKDAYS($I40,'진척율보고서'!$M$4)/$K40))) -> 1 | M40: 완료 | N40: =IF($M40="완료",1,IF($M40="PM확인",0.95,IF($M40="PL확인",0.8,IF($M40="테스트",0.7,IF($M40="수행2단계",0.55,IF($M40="수행1단계",0.35,IF($M40="착수",0.2,IF($M40="미착수",0,"")))))))) -> 1 | O40: 46076 | P40: 46076
E41: 03월 보안교육 | F41: 보안교육결과서 | G41: 사업단 | I41: 46111 | J41: 46111 | K41: =IF(OR(ISBLANK($I41), ISBLANK($J41)),"",NETWORKDAYS($I41,$J41)) -> 1 | L41: =IF(OR(ISBLANK($I41), ISBLANK($J41)), "", IF('진척율보고서'!$M$4 < $I41, 0, IF('진척율보고서'!$M$4 >= $J41, 1, NETWORKDAYS($I41,'진척율보고서'!$M$4)/$K41))) -> 0 | M41: 미착수 | N41: =IF($M41="완료",1,IF($M41="PM확인",0.95,IF($M41="PL확인",0.8,IF($M41="테스트",0.7,IF($M41="수행2단계",0.55,IF($M41="수행1단계",0.35,IF($M41="착수",0.2,IF($M41="미착수",0,"")))))))) -> 0
E42: 04월 보안교육 | F42: 보안교육결과서 | G42: 사업단 | I42: 46139 | J42: 46139 | K42: =IF(OR(ISBLANK($I42), ISBLANK($J42)),"",NETWORKDAYS($I42,$J42)) -> 1 | L42: =IF(OR(ISBLANK($I42), ISBLANK($J42)), "", IF('진척율보고서'!$M$4 < $I42, 0, IF('진척율보고서'!$M$4 >= $J42, 1, NETWORKDAYS($I42,'진척율보고서'!$M$4)/$K42))) -> 0 | M42: 미착수 | N42: =IF($M42="완료",1,IF($M42="PM확인",0.95,IF($M42="PL확인",0.8,IF($M42="테스트",0.7,IF($M42="수행2단계",0.55,IF($M42="수행1단계",0.35,IF($M42="착수",0.2,IF($M42="미착수",0,"")))))))) -> 0
E43: 05월 보안교육 | F43: 보안교육결과서 | G43: 사업단 | I43: 46167 | J43: 46167 | K43: =IF(OR(ISBLANK($I43), ISBLANK($J43)),"",NETWORKDAYS($I43,$J43)) -> 1 | L43: =IF(OR(ISBLANK($I43), ISBLANK($J43)), "", IF('진척율보고서'!$M$4 < $I43, 0, IF('진척율보고서'!$M$4 >= $J43, 1, NETWORKDAYS($I43,'진척율보고서'!$M$4)/$K43))) -> 0 | M43: 미착수 | N43: =IF($M43="완료",1,IF($M43="PM확인",0.95,IF($M43="PL확인",0.8,IF($M43="테스트",0.7,IF($M43="수행2단계",0.55,IF($M43="수행1단계",0.35,IF($M43="착수",0.2,IF($M43="미착수",0,"")))))))) -> 0
E44: 06월 보안교육 | F44: 보안교육결과서 | G44: 사업단 | I44: 46202 | J44: 46202 | K44: =IF(OR(ISBLANK($I44), ISBLANK($J44)),"",NETWORKDAYS($I44,$J44)) -> 1 | L44: =IF(OR(ISBLANK($I44), ISBLANK($J44)), "", IF('진척율보고서'!$M$4 < $I44, 0, IF('진척율보고서'!$M$4 >= $J44, 1, NETWORKDAYS($I44,'진척율보고서'!$M$4)/$K44))) -> 0 | M44: 미착수 | N44: =IF($M44="완료",1,IF($M44="PM확인",0.95,IF($M44="PL확인",0.8,IF($M44="테스트",0.7,IF($M44="수행2단계",0.55,IF($M44="수행1단계",0.35,IF($M44="착수",0.2,IF($M44="미착수",0,"")))))))) -> 0
E45: 07월 보안교육 | F45: 보안교육결과서 | G45: 사업단 | I45: 46230 | J45: 46230 | K45: =IF(OR(ISBLANK($I45), ISBLANK($J45)),"",NETWORKDAYS($I45,$J45)) -> 1 | L45: =IF(OR(ISBLANK($I45), ISBLANK($J45)), "", IF('진척율보고서'!$M$4 < $I45, 0, IF('진척율보고서'!$M$4 >= $J45, 1, NETWORKDAYS($I45,'진척율보고서'!$M$4)/$K45))) -> 0 | M45: 미착수 | N45: =IF($M45="완료",1,IF($M45="PM확인",0.95,IF($M45="PL확인",0.8,IF($M45="테스트",0.7,IF($M45="수행2단계",0.55,IF($M45="수행1단계",0.35,IF($M45="착수",0.2,IF($M45="미착수",0,"")))))))) -> 0
E46: 08월 보안교육 | F46: 보안교육결과서 | G46: 사업단 | I46: 46258 | J46: 46258 | K46: =IF(OR(ISBLANK($I46), ISBLANK($J46)),"",NETWORKDAYS($I46,$J46)) -> 1 | L46: =IF(OR(ISBLANK($I46), ISBLANK($J46)), "", IF('진척율보고서'!$M$4 < $I46, 0, IF('진척율보고서'!$M$4 >= $J46, 1, NETWORKDAYS($I46,'진척율보고서'!$M$4)/$K46))) -> 0 | M46: 미착수 | N46: =IF($M46="완료",1,IF($M46="PM확인",0.95,IF($M46="PL확인",0.8,IF($M46="테스트",0.7,IF($M46="수행2단계",0.55,IF($M46="수행1단계",0.35,IF($M46="착수",0.2,IF($M46="미착수",0,"")))))))) -> 0
E47: 09월 보안교육 | F47: 보안교육결과서 | G47: 사업단 | I47: 46293 | J47: 46293 | K47: =IF(OR(ISBLANK($I47), ISBLANK($J47)),"",NETWORKDAYS($I47,$J47)) -> 1 | L47: =IF(OR(ISBLANK($I47), ISBLANK($J47)), "", IF('진척율보고서'!$M$4 < $I47, 0, IF('진척율보고서'!$M$4 >= $J47, 1, NETWORKDAYS($I47,'진척율보고서'!$M$4)/$K47))) -> 0 | M47: 미착수 | N47: =IF($M47="완료",1,IF($M47="PM확인",0.95,IF($M47="PL확인",0.8,IF($M47="테스트",0.7,IF($M47="수행2단계",0.55,IF($M47="수행1단계",0.35,IF($M47="착수",0.2,IF($M47="미착수",0,"")))))))) -> 0
E48: 10월 보안교육 | F48: 보안교육결과서 | G48: 사업단 | I48: 46321 | J48: 46321 | K48: =IF(OR(ISBLANK($I48), ISBLANK($J48)),"",NETWORKDAYS($I48,$J48)) -> 1 | L48: =IF(OR(ISBLANK($I48), ISBLANK($J48)), "", IF('진척율보고서'!$M$4 < $I48, 0, IF('진척율보고서'!$M$4 >= $J48, 1, NETWORKDAYS($I48,'진척율보고서'!$M$4)/$K48))) -> 0 | M48: 미착수 | N48: =IF($M48="완료",1,IF($M48="PM확인",0.95,IF($M48="PL확인",0.8,IF($M48="테스트",0.7,IF($M48="수행2단계",0.55,IF($M48="수행1단계",0.35,IF($M48="착수",0.2,IF($M48="미착수",0,"")))))))) -> 0
E49: 11월 보안교육 | F49: 보안교육결과서 | G49: 사업단 | I49: 46352 | J49: 46352 | K49: =IF(OR(ISBLANK($I49), ISBLANK($J49)),"",NETWORKDAYS($I49,$J49)) -> 1 | L49: =IF(OR(ISBLANK($I49), ISBLANK($J49)), "", IF('진척율보고서'!$M$4 < $I49, 0, IF('진척율보고서'!$M$4 >= $J49, 1, NETWORKDAYS($I49,'진척율보고서'!$M$4)/$K49))) -> 0 | M49: 미착수 | N49: =IF($M49="완료",1,IF($M49="PM확인",0.95,IF($M49="PL확인",0.8,IF($M49="테스트",0.7,IF($M49="수행2단계",0.55,IF($M49="수행1단계",0.35,IF($M49="착수",0.2,IF($M49="미착수",0,"")))))))) -> 0
E50: 12월 보안교육 | F50: 보안교육결과서 | G50: 사업단 | I50: 46384 | J50: 46384 | K50: =IF(OR(ISBLANK($I50), ISBLANK($J50)),"",NETWORKDAYS($I50,$J50)) -> 1 | L50: =IF(OR(ISBLANK($I50), ISBLANK($J50)), "", IF('진척율보고서'!$M$4 < $I50, 0, IF('진척율보고서'!$M$4 >= $J50, 1, NETWORKDAYS($I50,'진척율보고서'!$M$4)/$K50))) -> 0 | M50: 미착수 | N50: =IF($M50="완료",1,IF($M50="PM확인",0.95,IF($M50="PL확인",0.8,IF($M50="테스트",0.7,IF($M50="수행2단계",0.55,IF($M50="수행1단계",0.35,IF($M50="착수",0.2,IF($M50="미착수",0,"")))))))) -> 0
C51: 교육 및 기술이전 | I51: =MIN(I52:I55) -> 46357 | J51: =MAX(J52:J55) -> 46372 | K51: =IF(OR(ISBLANK($I51), ISBLANK($J51)),"",NETWORKDAYS($I51,$J51)) -> 12 | L51: =SUM(L52:L55)/COUNT(L52:L55) -> 0 | N51: =SUM(N52:N55)/COUNT(N52:N55) -> 0
D52: 교육 및 기술이전
E53: 기술이전 계획 수립 | G53: 사업단 | I53: 46357 | J53: 46360 | K53: =IF(OR(ISBLANK($I53), ISBLANK($J53)),"",NETWORKDAYS($I53,$J53)) -> 4 | L53: =IF(OR(ISBLANK($I53), ISBLANK($J53)), "", IF('진척율보고서'!$M$4 < $I53, 0, IF('진척율보고서'!$M$4 >= $J53, 1, NETWORKDAYS($I53,'진척율보고서'!$M$4)/$K53))) -> 0 | M53: 미착수 | N53: =IF($M53="완료",1,IF($M53="PM확인",0.95,IF($M53="PL확인",0.8,IF($M53="테스트",0.7,IF($M53="수행2단계",0.55,IF($M53="수행1단계",0.35,IF($M53="착수",0.2,IF($M53="미착수",0,"")))))))) -> 0
E54: 교육계획 수립 | G54: 사업단 | I54: 46357 | J54: 46360 | K54: =IF(OR(ISBLANK($I54), ISBLANK($J54)),"",NETWORKDAYS($I54,$J54)) -> 4 | L54: =IF(OR(ISBLANK($I54), ISBLANK($J54)), "", IF('진척율보고서'!$M$4 < $I54, 0, IF('진척율보고서'!$M$4 >= $J54, 1, NETWORKDAYS($I54,'진척율보고서'!$M$4)/$K54))) -> 0 | M54: 미착수 | N54: =IF($M54="완료",1,IF($M54="PM확인",0.95,IF($M54="PL확인",0.8,IF($M54="테스트",0.7,IF($M54="수행2단계",0.55,IF($M54="수행1단계",0.35,IF($M54="착수",0.2,IF($M54="미착수",0,"")))))))) -> 0
E55: 교육 진행 및 결과 보고 | G55: 사업단 | I55: 46368 | J55: 46372 | K55: =IF(OR(ISBLANK($I55), ISBLANK($J55)),"",NETWORKDAYS($I55,$J55)) -> 3 | L55: =IF(OR(ISBLANK($I55), ISBLANK($J55)), "", IF('진척율보고서'!$M$4 < $I55, 0, IF('진척율보고서'!$M$4 >= $J55, 1, NETWORKDAYS($I55,'진척율보고서'!$M$4)/$K55))) -> 0 | M55: 미착수 | N55: =IF($M55="완료",1,IF($M55="PM확인",0.95,IF($M55="PL확인",0.8,IF($M55="테스트",0.7,IF($M55="수행2단계",0.55,IF($M55="수행1단계",0.35,IF($M55="착수",0.2,IF($M55="미착수",0,"")))))))) -> 0
C56: 사업종료 | I56: =MIN(I57:I61) -> 46382 | J56: =MAX(J57:J61) -> 46386 | K56: =IF(OR(ISBLANK($I56), ISBLANK($J56)),"",NETWORKDAYS($I56,$J56)) -> 3 | L56: =SUM(L57:L61)/COUNT(L57:L61) -> 0 | N56: =SUM(N57:N61)/COUNT(N57:N61) -> 0
D57: 산출물 제출 및 사업종료
E58: 투입장비 철수 | G58: 사업단 | I58: 46386 | J58: 46386 | K58: =IF(OR(ISBLANK($I58), ISBLANK($J58)),"",NETWORKDAYS($I58,$J58)) -> 1 | L58: =IF(OR(ISBLANK($I58), ISBLANK($J58)), "", IF('진척율보고서'!$M$4 < $I58, 0, IF('진척율보고서'!$M$4 >= $J58, 1, NETWORKDAYS($I58,'진척율보고서'!$M$4)/$K58))) -> 0 | M58: 미착수 | N58: =IF($M58="완료",1,IF($M58="PM확인",0.95,IF($M58="PL확인",0.8,IF($M58="테스트",0.7,IF($M58="수행2단계",0.55,IF($M58="수행1단계",0.35,IF($M58="착수",0.2,IF($M58="미착수",0,"")))))))) -> 0
E59: 투입인력 보안확약서 작성 및 제출 | F59: 보안확약서 | G59: 사업단 | I59: 46382 | J59: 46386 | K59: =IF(OR(ISBLANK($I59), ISBLANK($J59)),"",NETWORKDAYS($I59,$J59)) -> 3 | L59: =IF(OR(ISBLANK($I59), ISBLANK($J59)), "", IF('진척율보고서'!$M$4 < $I59, 0, IF('진척율보고서'!$M$4 >= $J59, 1, NETWORKDAYS($I59,'진척율보고서'!$M$4)/$K59))) -> 0 | M59: 미착수 | N59: =IF($M59="완료",1,IF($M59="PM확인",0.95,IF($M59="PL확인",0.8,IF($M59="테스트",0.7,IF($M59="수행2단계",0.55,IF($M59="수행1단계",0.35,IF($M59="착수",0.2,IF($M59="미착수",0,"")))))))) -> 0
E60: 납품확인 및 라이선스 제출 | F60: 라이선스 | G60: 사업단 | I60: 46382 | J60: 46386 | K60: =IF(OR(ISBLANK($I60), ISBLANK($J60)),"",NETWORKDAYS($I60,$J60)) -> 3 | L60: =IF(OR(ISBLANK($I60), ISBLANK($J60)), "", IF('진척율보고서'!$M$4 < $I60, 0, IF('진척율보고서'!$M$4 >= $J60, 1, NETWORKDAYS($I60,'진척율보고서'!$M$4)/$K60))) -> 0 | M60: 미착수 | N60: =IF($M60="완료",1,IF($M60="PM확인",0.95,IF($M60="PL확인",0.8,IF($M60="테스트",0.7,IF($M60="수행2단계",0.55,IF($M60="수행1단계",0.35,IF($M60="착수",0.2,IF($M60="미착수",0,"")))))))) -> 0
E61: 프로젝트 산출물 제출 | G61: 사업단 | I61: 46382 | J61: 46386 | K61: =IF(OR(ISBLANK($I61), ISBLANK($J61)),"",NETWORKDAYS($I61,$J61)) -> 3 | L61: =IF(OR(ISBLANK($I61), ISBLANK($J61)), "", IF('진척율보고서'!$M$4 < $I61, 0, IF('진척율보고서'!$M$4 >= $J61, 1, NETWORKDAYS($I61,'진척율보고서'!$M$4)/$K61))) -> 0 | M61: 미착수 | N61: =IF($M61="완료",1,IF($M61="PM확인",0.95,IF($M61="PL확인",0.8,IF($M61="테스트",0.7,IF($M61="수행2단계",0.55,IF($M61="수행1단계",0.35,IF($M61="착수",0.2,IF($M61="미착수",0,"")))))))) -> 0
C62: 정기보고 | I62: =MIN(I63:I123) -> 46062 | J62: =MAX(J63:J123) -> 46384 | K62: =IF(OR(ISBLANK($I62), ISBLANK($J62)),"",NETWORKDAYS($I62,$J62)) -> 231 | L62: =SUM(L63:L123)/COUNT(L63:L123) -> 0.13793103 | N62: =SUM(N63:N123)/COUNT(N63:N123) -> 0.13793103
D63: 주간보고 및 보안점검
E64: 1주차 주간보고 및 보안점검 | F64: 주간보고서, 보안점검표 | G64: 진흥원, 사업단 | I64: 46062 | J64: 46062 | K64: =IF(OR(ISBLANK($I64), ISBLANK($J64)),"",NETWORKDAYS($I64,$J64)) -> 1 | L64: =IF(OR(ISBLANK($I64), ISBLANK($J64)), "", IF('진척율보고서'!$M$4 < $I64, 0, IF('진척율보고서'!$M$4 >= $J64, 1, NETWORKDAYS($I64,'진척율보고서'!$M$4)/$K64))) -> 1 | M64: 완료 | N64: =IF($M64="완료",1,IF($M64="PM확인",0.95,IF($M64="PL확인",0.8,IF($M64="테스트",0.7,IF($M64="수행2단계",0.55,IF($M64="수행1단계",0.35,IF($M64="착수",0.2,IF($M64="미착수",0,"")))))))) -> 1 | O64: 46062 | P64: 46062
E65: 2주차 주간보고 및 보안점검 | F65: 주간보고서, 보안점검표 | G65: 진흥원, 사업단 | I65: 46069 | J65: 46069 | K65: =IF(OR(ISBLANK($I65), ISBLANK($J65)),"",NETWORKDAYS($I65,$J65)) -> 1 | L65: =IF(OR(ISBLANK($I65), ISBLANK($J65)), "", IF('진척율보고서'!$M$4 < $I65, 0, IF('진척율보고서'!$M$4 >= $J65, 1, NETWORKDAYS($I65,'진척율보고서'!$M$4)/$K65))) -> 1 | M65: 완료 | N65: =IF($M65="완료",1,IF($M65="PM확인",0.95,IF($M65="PL확인",0.8,IF($M65="테스트",0.7,IF($M65="수행2단계",0.55,IF($M65="수행1단계",0.35,IF($M65="착수",0.2,IF($M65="미착수",0,"")))))))) -> 1 | O65: 46069 | P65: 46069
E66: 3주차 주간보고 및 보안점검 | F66: 주간보고서, 보안점검표 | G66: 진흥원, 사업단 | I66: 46076 | J66: 46076 | K66: =IF(OR(ISBLANK($I66), ISBLANK($J66)),"",NETWORKDAYS($I66,$J66)) -> 1 | L66: =IF(OR(ISBLANK($I66), ISBLANK($J66)), "", IF('진척율보고서'!$M$4 < $I66, 0, IF('진척율보고서'!$M$4 >= $J66, 1, NETWORKDAYS($I66,'진척율보고서'!$M$4)/$K66))) -> 1 | M66: 완료 | N66: =IF($M66="완료",1,IF($M66="PM확인",0.95,IF($M66="PL확인",0.8,IF($M66="테스트",0.7,IF($M66="수행2단계",0.55,IF($M66="수행1단계",0.35,IF($M66="착수",0.2,IF($M66="미착수",0,"")))))))) -> 1 | O66: 46076 | P66: 46076
E67: 4주차 주간보고 및 보안점검 | F67: 주간보고서, 보안점검표 | G67: 진흥원, 사업단 | I67: 46083 | J67: 46083 | K67: =IF(OR(ISBLANK($I67), ISBLANK($J67)),"",NETWORKDAYS($I67,$J67)) -> 1 | L67: =IF(OR(ISBLANK($I67), ISBLANK($J67)), "", IF('진척율보고서'!$M$4 < $I67, 0, IF('진척율보고서'!$M$4 >= $J67, 1, NETWORKDAYS($I67,'진척율보고서'!$M$4)/$K67))) -> 1 | M67: 완료 | N67: =IF($M67="완료",1,IF($M67="PM확인",0.95,IF($M67="PL확인",0.8,IF($M67="테스트",0.7,IF($M67="수행2단계",0.55,IF($M67="수행1단계",0.35,IF($M67="착수",0.2,IF($M67="미착수",0,"")))))))) -> 1 | O67: 46083 | P67: 46083
E68: 5주차 주간보고 및 보안점검 | F68: 주간보고서, 보안점검표 | G68: 진흥원, 사업단 | I68: 46090 | J68: 46090 | K68: =IF(OR(ISBLANK($I68), ISBLANK($J68)),"",NETWORKDAYS($I68,$J68)) -> 1 | L68: =IF(OR(ISBLANK($I68), ISBLANK($J68)), "", IF('진척율보고서'!$M$4 < $I68, 0, IF('진척율보고서'!$M$4 >= $J68, 1, NETWORKDAYS($I68,'진척율보고서'!$M$4)/$K68))) -> 1 | M68: 완료 | N68: =IF($M68="완료",1,IF($M68="PM확인",0.95,IF($M68="PL확인",0.8,IF($M68="테스트",0.7,IF($M68="수행2단계",0.55,IF($M68="수행1단계",0.35,IF($M68="착수",0.2,IF($M68="미착수",0,"")))))))) -> 1 | O68: 46090 | P68: 46090
E69: 6주차 주간보고 및 보안점검 | F69: 주간보고서, 보안점검표 | G69: 진흥원, 사업단 | I69: 46097 | J69: 46097 | K69: =IF(OR(ISBLANK($I69), ISBLANK($J69)),"",NETWORKDAYS($I69,$J69)) -> 1 | L69: =IF(OR(ISBLANK($I69), ISBLANK($J69)), "", IF('진척율보고서'!$M$4 < $I69, 0, IF('진척율보고서'!$M$4 >= $J69, 1, NETWORKDAYS($I69,'진척율보고서'!$M$4)/$K69))) -> 1 | M69: 완료 | N69: =IF($M69="완료",1,IF($M69="PM확인",0.95,IF($M69="PL확인",0.8,IF($M69="테스트",0.7,IF($M69="수행2단계",0.55,IF($M69="수행1단계",0.35,IF($M69="착수",0.2,IF($M69="미착수",0,"")))))))) -> 1 | O69: 46097 | P69: 46097
E70: 7주차 주간보고 및 보안점검 | F70: 주간보고서, 보안점검표 | G70: 진흥원, 사업단 | I70: 46104 | J70: 46104 | K70: =IF(OR(ISBLANK($I70), ISBLANK($J70)),"",NETWORKDAYS($I70,$J70)) -> 1 | L70: =IF(OR(ISBLANK($I70), ISBLANK($J70)), "", IF('진척율보고서'!$M$4 < $I70, 0, IF('진척율보고서'!$M$4 >= $J70, 1, NETWORKDAYS($I70,'진척율보고서'!$M$4)/$K70))) -> 1 | M70: 완료 | N70: =IF($M70="완료",1,IF($M70="PM확인",0.95,IF($M70="PL확인",0.8,IF($M70="테스트",0.7,IF($M70="수행2단계",0.55,IF($M70="수행1단계",0.35,IF($M70="착수",0.2,IF($M70="미착수",0,"")))))))) -> 1
E71: 8주차 주간보고 및 보안점검 | F71: 주간보고서, 보안점검표 | G71: 진흥원, 사업단 | I71: 46111 | J71: 46111 | K71: =IF(OR(ISBLANK($I71), ISBLANK($J71)),"",NETWORKDAYS($I71,$J71)) -> 1 | L71: =IF(OR(ISBLANK($I71), ISBLANK($J71)), "", IF('진척율보고서'!$M$4 < $I71, 0, IF('진척율보고서'!$M$4 >= $J71, 1, NETWORKDAYS($I71,'진척율보고서'!$M$4)/$K71))) -> 0 | M71: 미착수 | N71: =IF($M71="완료",1,IF($M71="PM확인",0.95,IF($M71="PL확인",0.8,IF($M71="테스트",0.7,IF($M71="수행2단계",0.55,IF($M71="수행1단계",0.35,IF($M71="착수",0.2,IF($M71="미착수",0,"")))))))) -> 0
E72: 9주차 주간보고 및 보안점검 | F72: 주간보고서, 보안점검표 | G72: 진흥원, 사업단 | I72: 46118 | J72: 46118 | K72: =IF(OR(ISBLANK($I72), ISBLANK($J72)),"",NETWORKDAYS($I72,$J72)) -> 1 | L72: =IF(OR(ISBLANK($I72), ISBLANK($J72)), "", IF('진척율보고서'!$M$4 < $I72, 0, IF('진척율보고서'!$M$4 >= $J72, 1, NETWORKDAYS($I72,'진척율보고서'!$M$4)/$K72))) -> 0 | M72: 미착수 | N72: =IF($M72="완료",1,IF($M72="PM확인",0.95,IF($M72="PL확인",0.8,IF($M72="테스트",0.7,IF($M72="수행2단계",0.55,IF($M72="수행1단계",0.35,IF($M72="착수",0.2,IF($M72="미착수",0,"")))))))) -> 0
E73: 10주차 주간보고 및 보안점검 | F73: 주간보고서, 보안점검표 | G73: 진흥원, 사업단 | I73: 46125 | J73: 46125 | K73: =IF(OR(ISBLANK($I73), ISBLANK($J73)),"",NETWORKDAYS($I73,$J73)) -> 1 | L73: =IF(OR(ISBLANK($I73), ISBLANK($J73)), "", IF('진척율보고서'!$M$4 < $I73, 0, IF('진척율보고서'!$M$4 >= $J73, 1, NETWORKDAYS($I73,'진척율보고서'!$M$4)/$K73))) -> 0 | M73: 미착수 | N73: =IF($M73="완료",1,IF($M73="PM확인",0.95,IF($M73="PL확인",0.8,IF($M73="테스트",0.7,IF($M73="수행2단계",0.55,IF($M73="수행1단계",0.35,IF($M73="착수",0.2,IF($M73="미착수",0,"")))))))) -> 0
E74: 11주차 주간보고 및 보안점검 | F74: 주간보고서, 보안점검표 | G74: 진흥원, 사업단 | I74: 46132 | J74: 46132 | K74: =IF(OR(ISBLANK($I74), ISBLANK($J74)),"",NETWORKDAYS($I74,$J74)) -> 1 | L74: =IF(OR(ISBLANK($I74), ISBLANK($J74)), "", IF('진척율보고서'!$M$4 < $I74, 0, IF('진척율보고서'!$M$4 >= $J74, 1, NETWORKDAYS($I74,'진척율보고서'!$M$4)/$K74))) -> 0 | M74: 미착수 | N74: =IF($M74="완료",1,IF($M74="PM확인",0.95,IF($M74="PL확인",0.8,IF($M74="테스트",0.7,IF($M74="수행2단계",0.55,IF($M74="수행1단계",0.35,IF($M74="착수",0.2,IF($M74="미착수",0,"")))))))) -> 0
E75: 12주차 주간보고 및 보안점검 | F75: 주간보고서, 보안점검표 | G75: 진흥원, 사업단 | I75: 46139 | J75: 46139 | K75: =IF(OR(ISBLANK($I75), ISBLANK($J75)),"",NETWORKDAYS($I75,$J75)) -> 1 | L75: =IF(OR(ISBLANK($I75), ISBLANK($J75)), "", IF('진척율보고서'!$M$4 < $I75, 0, IF('진척율보고서'!$M$4 >= $J75, 1, NETWORKDAYS($I75,'진척율보고서'!$M$4)/$K75))) -> 0 | M75: 미착수 | N75: =IF($M75="완료",1,IF($M75="PM확인",0.95,IF($M75="PL확인",0.8,IF($M75="테스트",0.7,IF($M75="수행2단계",0.55,IF($M75="수행1단계",0.35,IF($M75="착수",0.2,IF($M75="미착수",0,"")))))))) -> 0
E76: 13주차 주간보고 및 보안점검 | F76: 주간보고서, 보안점검표 | G76: 진흥원, 사업단 | I76: 46146 | J76: 46146 | K76: =IF(OR(ISBLANK($I76), ISBLANK($J76)),"",NETWORKDAYS($I76,$J76)) -> 1 | L76: =IF(OR(ISBLANK($I76), ISBLANK($J76)), "", IF('진척율보고서'!$M$4 < $I76, 0, IF('진척율보고서'!$M$4 >= $J76, 1, NETWORKDAYS($I76,'진척율보고서'!$M$4)/$K76))) -> 0 | M76: 미착수 | N76: =IF($M76="완료",1,IF($M76="PM확인",0.95,IF($M76="PL확인",0.8,IF($M76="테스트",0.7,IF($M76="수행2단계",0.55,IF($M76="수행1단계",0.35,IF($M76="착수",0.2,IF($M76="미착수",0,"")))))))) -> 0
E77: 14주차 주간보고 및 보안점검 | F77: 주간보고서, 보안점검표 | G77: 진흥원, 사업단 | I77: 46153 | J77: 46153 | K77: =IF(OR(ISBLANK($I77), ISBLANK($J77)),"",NETWORKDAYS($I77,$J77)) -> 1 | L77: =IF(OR(ISBLANK($I77), ISBLANK($J77)), "", IF('진척율보고서'!$M$4 < $I77, 0, IF('진척율보고서'!$M$4 >= $J77, 1, NETWORKDAYS($I77,'진척율보고서'!$M$4)/$K77))) -> 0 | M77: 미착수 | N77: =IF($M77="완료",1,IF($M77="PM확인",0.95,IF($M77="PL확인",0.8,IF($M77="테스트",0.7,IF($M77="수행2단계",0.55,IF($M77="수행1단계",0.35,IF($M77="착수",0.2,IF($M77="미착수",0,"")))))))) -> 0
E78: 15주차 주간보고 및 보안점검 | F78: 주간보고서, 보안점검표 | G78: 진흥원, 사업단 | I78: 46160 | J78: 46160 | K78: =IF(OR(ISBLANK($I78), ISBLANK($J78)),"",NETWORKDAYS($I78,$J78)) -> 1 | L78: =IF(OR(ISBLANK($I78), ISBLANK($J78)), "", IF('진척율보고서'!$M$4 < $I78, 0, IF('진척율보고서'!$M$4 >= $J78, 1, NETWORKDAYS($I78,'진척율보고서'!$M$4)/$K78))) -> 0 | M78: 미착수 | N78: =IF($M78="완료",1,IF($M78="PM확인",0.95,IF($M78="PL확인",0.8,IF($M78="테스트",0.7,IF($M78="수행2단계",0.55,IF($M78="수행1단계",0.35,IF($M78="착수",0.2,IF($M78="미착수",0,"")))))))) -> 0
E79: 16주차 주간보고 및 보안점검 | F79: 주간보고서, 보안점검표 | G79: 진흥원, 사업단 | I79: 46167 | J79: 46167 | K79: =IF(OR(ISBLANK($I79), ISBLANK($J79)),"",NETWORKDAYS($I79,$J79)) -> 1 | L79: =IF(OR(ISBLANK($I79), ISBLANK($J79)), "", IF('진척율보고서'!$M$4 < $I79, 0, IF('진척율보고서'!$M$4 >= $J79, 1, NETWORKDAYS($I79,'진척율보고서'!$M$4)/$K79))) -> 0 | M79: 미착수 | N79: =IF($M79="완료",1,IF($M79="PM확인",0.95,IF($M79="PL확인",0.8,IF($M79="테스트",0.7,IF($M79="수행2단계",0.55,IF($M79="수행1단계",0.35,IF($M79="착수",0.2,IF($M79="미착수",0,"")))))))) -> 0
E80: 17주차 주간보고 및 보안점검 | F80: 주간보고서, 보안점검표 | G80: 진흥원, 사업단 | I80: 46174 | J80: 46174 | K80: =IF(OR(ISBLANK($I80), ISBLANK($J80)),"",NETWORKDAYS($I80,$J80)) -> 1 | L80: =IF(OR(ISBLANK($I80), ISBLANK($J80)), "", IF('진척율보고서'!$M$4 < $I80, 0, IF('진척율보고서'!$M$4 >= $J80, 1, NETWORKDAYS($I80,'진척율보고서'!$M$4)/$K80))) -> 0 | M80: 미착수 | N80: =IF($M80="완료",1,IF($M80="PM확인",0.95,IF($M80="PL확인",0.8,IF($M80="테스트",0.7,IF($M80="수행2단계",0.55,IF($M80="수행1단계",0.35,IF($M80="착수",0.2,IF($M80="미착수",0,"")))))))) -> 0
E81: 18주차 주간보고 및 보안점검 | F81: 주간보고서, 보안점검표 | G81: 진흥원, 사업단 | I81: 46181 | J81: 46181 | K81: =IF(OR(ISBLANK($I81), ISBLANK($J81)),"",NETWORKDAYS($I81,$J81)) -> 1 | L81: =IF(OR(ISBLANK($I81), ISBLANK($J81)), "", IF('진척율보고서'!$M$4 < $I81, 0, IF('진척율보고서'!$M$4 >= $J81, 1, NETWORKDAYS($I81,'진척율보고서'!$M$4)/$K81))) -> 0 | M81: 미착수 | N81: =IF($M81="완료",1,IF($M81="PM확인",0.95,IF($M81="PL확인",0.8,IF($M81="테스트",0.7,IF($M81="수행2단계",0.55,IF($M81="수행1단계",0.35,IF($M81="착수",0.2,IF($M81="미착수",0,"")))))))) -> 0
... E110: 47주차 주간보고 및 보안점검 | F110: 주간보고서, 보안점검표 | G110: 진흥원, 사업단 | I110: 46384 | J110: 46384 | K110: =IF(OR(ISBLANK($I110), ISBLANK($J110)),"",NETWORKDAYS($I110,$J110)) -> 1 | L110: =IF(OR(ISBLANK($I110), ISBLANK($J110)), "", IF('진척율보고서'!$M$4 < $I110, 0, IF('진척율보고서'!$M$4 >= $J110, 1, NETWORKDAYS($I110,'진척율보고서'!$M$4)/$K110))) -> 0 | M110: 미착수 | N110: =IF($M110="완료",1,IF($M110="PM확인",0.95,IF($M110="PL확인",0.8,IF($M110="테스트",0.7,IF($M110="수행2단계",0.55,IF($M110="수행1단계",0.35,IF($M110="착수",0.2,IF($M110="미착수",0,"")))))))) -> 0
D111: 월간보고
E112: 2월 월간보고 | F112: 월간보고서 | G112: 진흥원, 사업단 | I112: 46076 | J112: 46076 | K112: =IF(OR(ISBLANK($I112), ISBLANK($J112)),"",NETWORKDAYS($I112,$J112)) -> 1 | L112: =IF(OR(ISBLANK($I112), ISBLANK($J112)), "", IF('진척율보고서'!$M$4 < $I112, 0, IF('진척율보고서'!$M$4 >= $J112, 1, NETWORKDAYS($I112,'진척율보고서'!$M$4)/$K112))) -> 1 | M112: 완료 | N112: =IF($M112="완료",1,IF($M112="PM확인",0.95,IF($M112="PL확인",0.8,IF($M112="테스트",0.7,IF($M112="수행2단계",0.55,IF($M112="수행1단계",0.35,IF($M112="착수",0.2,IF($M112="미착수",0,"")))))))) -> 1 | O112: 46076 | P112: 46076
E113: 3월 월간보고 | F113: 월간보고서 | G113: 진흥원, 사업단 | I113: 46111 | J113: 46111 | K113: =IF(OR(ISBLANK($I113), ISBLANK($J113)),"",NETWORKDAYS($I113,$J113)) -> 1 | L113: =IF(OR(ISBLANK($I113), ISBLANK($J113)), "", IF('진척율보고서'!$M$4 < $I113, 0, IF('진척율보고서'!$M$4 >= $J113, 1, NETWORKDAYS($I113,'진척율보고서'!$M$4)/$K113))) -> 0 | M113: 미착수 | N113: =IF($M113="완료",1,IF($M113="PM확인",0.95,IF($M113="PL확인",0.8,IF($M113="테스트",0.7,IF($M113="수행2단계",0.55,IF($M113="수행1단계",0.35,IF($M113="착수",0.2,IF($M113="미착수",0,"")))))))) -> 0
E114: 4월 월간보고 | F114: 월간보고서 | G114: 진흥원, 사업단 | I114: 46139 | J114: 46139 | K114: =IF(OR(ISBLANK($I114), ISBLANK($J114)),"",NETWORKDAYS($I114,$J114)) -> 1 | L114: =IF(OR(ISBLANK($I114), ISBLANK($J114)), "", IF('진척율보고서'!$M$4 < $I114, 0, IF('진척율보고서'!$M$4 >= $J114, 1, NETWORKDAYS($I114,'진척율보고서'!$M$4)/$K114))) -> 0 | M114: 미착수 | N114: =IF($M114="완료",1,IF($M114="PM확인",0.95,IF($M114="PL확인",0.8,IF($M114="테스트",0.7,IF($M114="수행2단계",0.55,IF($M114="수행1단계",0.35,IF($M114="착수",0.2,IF($M114="미착수",0,"")))))))) -> 0
E115: 5월 월간보고 | F115: 월간보고서 | G115: 진흥원, 사업단 | I115: 46167 | J115: 46167 | K115: =IF(OR(ISBLANK($I115), ISBLANK($J115)),"",NETWORKDAYS($I115,$J115)) -> 1 | L115: =IF(OR(ISBLANK($I115), ISBLANK($J115)), "", IF('진척율보고서'!$M$4 < $I115, 0, IF('진척율보고서'!$M$4 >= $J115, 1, NETWORKDAYS($I115,'진척율보고서'!$M$4)/$K115))) -> 0 | M115: 미착수 | N115: =IF($M115="완료",1,IF($M115="PM확인",0.95,IF($M115="PL확인",0.8,IF($M115="테스트",0.7,IF($M115="수행2단계",0.55,IF($M115="수행1단계",0.35,IF($M115="착수",0.2,IF($M115="미착수",0,"")))))))) -> 0
E116: 6월 월간보고 | F116: 월간보고서 | G116: 진흥원, 사업단 | I116: 46202 | J116: 46202 | K116: =IF(OR(ISBLANK($I116), ISBLANK($J116)),"",NETWORKDAYS($I116,$J116)) -> 1 | L116: =IF(OR(ISBLANK($I116), ISBLANK($J116)), "", IF('진척율보고서'!$M$4 < $I116, 0, IF('진척율보고서'!$M$4 >= $J116, 1, NETWORKDAYS($I116,'진척율보고서'!$M$4)/$K116))) -> 0 | M116: 미착수 | N116: =IF($M116="완료",1,IF($M116="PM확인",0.95,IF($M116="PL확인",0.8,IF($M116="테스트",0.7,IF($M116="수행2단계",0.55,IF($M116="수행1단계",0.35,IF($M116="착수",0.2,IF($M116="미착수",0,"")))))))) -> 0
E117: 7월 월간보고 | F117: 월간보고서 | G117: 진흥원, 사업단 | I117: 46230 | J117: 46230 | K117: =IF(OR(ISBLANK($I117), ISBLANK($J117)),"",NETWORKDAYS($I117,$J117)) -> 1 | L117: =IF(OR(ISBLANK($I117), ISBLANK($J117)), "", IF('진척율보고서'!$M$4 < $I117, 0, IF('진척율보고서'!$M$4 >= $J117, 1, NETWORKDAYS($I117,'진척율보고서'!$M$4)/$K117))) -> 0 | M117: 미착수 | N117: =IF($M117="완료",1,IF($M117="PM확인",0.95,IF($M117="PL확인",0.8,IF($M117="테스트",0.7,IF($M117="수행2단계",0.55,IF($M117="수행1단계",0.35,IF($M117="착수",0.2,IF($M117="미착수",0,"")))))))) -> 0
E118: 8월 월간보고 | F118: 월간보고서 | G118: 진흥원, 사업단 | I118: 46258 | J118: 46258 | K118: =IF(OR(ISBLANK($I118), ISBLANK($J118)),"",NETWORKDAYS($I118,$J118)) -> 1 | L118: =IF(OR(ISBLANK($I118), ISBLANK($J118)), "", IF('진척율보고서'!$M$4 < $I118, 0, IF('진척율보고서'!$M$4 >= $J118, 1, NETWORKDAYS($I118,'진척율보고서'!$M$4)/$K118))) -> 0 | M118: 미착수 | N118: =IF($M118="완료",1,IF($M118="PM확인",0.95,IF($M118="PL확인",0.8,IF($M118="테스트",0.7,IF($M118="수행2단계",0.55,IF($M118="수행1단계",0.35,IF($M118="착수",0.2,IF($M118="미착수",0,"")))))))) -> 0
E119: 9월 월간보고 | F119: 월간보고서 | G119: 진흥원, 사업단 | I119: 46293 | J119: 46293 | K119: =IF(OR(ISBLANK($I119), ISBLANK($J119)),"",NETWORKDAYS($I119,$J119)) -> 1 | L119: =IF(OR(ISBLANK($I119), ISBLANK($J119)), "", IF('진척율보고서'!$M$4 < $I119, 0, IF('진척율보고서'!$M$4 >= $J119, 1, NETWORKDAYS($I119,'진척율보고서'!$M$4)/$K119))) -> 0 | M119: 미착수 | N119: =IF($M119="완료",1,IF($M119="PM확인",0.95,IF($M119="PL확인",0.8,IF($M119="테스트",0.7,IF($M119="수행2단계",0.55,IF($M119="수행1단계",0.35,IF($M119="착수",0.2,IF($M119="미착수",0,"")))))))) -> 0
E120: 10월 월간보고 | F120: 월간보고서 | G120: 진흥원, 사업단 | I120: 46321 | J120: 46321 | K120: =IF(OR(ISBLANK($I120), ISBLANK($J120)),"",NETWORKDAYS($I120,$J120)) -> 1 | L120: =IF(OR(ISBLANK($I120), ISBLANK($J120)), "", IF('진척율보고서'!$M$4 < $I120, 0, IF('진척율보고서'!$M$4 >= $J120, 1, NETWORKDAYS($I120,'진척율보고서'!$M$4)/$K120))) -> 0 | M120: 미착수 | N120: =IF($M120="완료",1,IF($M120="PM확인",0.95,IF($M120="PL확인",0.8,IF($M120="테스트",0.7,IF($M120="수행2단계",0.55,IF($M120="수행1단계",0.35,IF($M120="착수",0.2,IF($M120="미착수",0,"")))))))) -> 0
E121: 11월 월간보고 | F121: 월간보고서 | G121: 진흥원, 사업단 | I121: 46352 | J121: 46352 | K121: =IF(OR(ISBLANK($I121), ISBLANK($J121)),"",NETWORKDAYS($I121,$J121)) -> 1 | L121: =IF(OR(ISBLANK($I121), ISBLANK($J121)), "", IF('진척율보고서'!$M$4 < $I121, 0, IF('진척율보고서'!$M$4 >= $J121, 1, NETWORKDAYS($I121,'진척율보고서'!$M$4)/$K121))) -> 0 | M121: 미착수 | N121: =IF($M121="완료",1,IF($M121="PM확인",0.95,IF($M121="PL확인",0.8,IF($M121="테스트",0.7,IF($M121="수행2단계",0.55,IF($M121="수행1단계",0.35,IF($M121="착수",0.2,IF($M121="미착수",0,"")))))))) -> 0
E122: 12월 월간보고 | F122: 월간보고서 | G122: 진흥원, 사업단 | I122: 46384 | J122: 46384 | K122: =IF(OR(ISBLANK($I122), ISBLANK($J122)),"",NETWORKDAYS($I122,$J122)) -> 1 | L122: =IF(OR(ISBLANK($I122), ISBLANK($J122)), "", IF('진척율보고서'!$M$4 < $I122, 0, IF('진척율보고서'!$M$4 >= $J122, 1, NETWORKDAYS($I122,'진척율보고서'!$M$4)/$K122))) -> 0 | M122: 미착수 | N122: =IF($M122="완료",1,IF($M122="PM확인",0.95,IF($M122="PL확인",0.8,IF($M122="테스트",0.7,IF($M122="수행2단계",0.55,IF($M122="수행1단계",0.35,IF($M122="착수",0.2,IF($M122="미착수",0,"")))))))) -> 0

Sheet 2.챗봇
B2: 2. 챗봇 | I2: 계획진척률(누적) | K2: =(SUM(L8:L15)+SUM(L17:L23)+SUM(L25:L27))/(COUNT(L8:L15)+COUNT(L17:L23)+COUNT(L25:L27)) -> 0.15384615 | M2: 실적진척률(누적) | O2: =(SUM(N8:N15)+SUM(N17:N23)+SUM(N25:N27))/(COUNT(N8:N15)+COUNT(N17:N23)+COUNT(N25:N27)) -> 0.15384615
I3: 계획 | M3: 실적
B4: 구분 | C4: 단계 | D4: 업무 | F4: 산출물 | G4: 담당자 | H4: 가중치 | I4: 계획시작일 | J4: 계획종료일 | K4: 기간(day) | L4: 진척률 | M4: 상태 | N4: 실적진척률 | O4: 실제시작일 | P4: 실제종료일
D5: 요약 | E5: 업무내용
B6: 티켓관리시스템 도입 및 구축 | H6: ='진척율보고서'!H11 -> 20 | K6: =IF(OR(ISBLANK($I6), ISBLANK($J6)),"",NETWORKDAYS($I6,$J6)) | L6: =K2*H6/100 -> 0.030769231 | N6: =O2*H6/100 -> 0.030769231
C7: 분석/설계 | I7: =MIN(I8:I15) -> 46076 | J7: =MAX(J8:J15) -> 46200 | K7: =IF(OR(ISBLANK($I7), ISBLANK($J7)),"",NETWORKDAYS($I7,$J7)) -> 90 | L7: =SUM(L8:L15)/COUNT(L8:L15) -> 0.33333333 | N7: =SUM(N8:N15)/COUNT(N8:N15) -> 0.33333333
D8: 솔루션 분석 및 요구사항 정의
E9: RFP 검토 | G9: 사업단 | I9: 46076 | J9: 46080 | K9: =IF(OR(ISBLANK($I9), ISBLANK($J9)),"",NETWORKDAYS($I9,$J9)) -> 5 | L9: =IF(OR(ISBLANK($I9), ISBLANK($J9)), "", IF('진척율보고서'!$M$4 < $I9, 0, IF('진척율보고서'!$M$4 >= $J9, 1, NETWORKDAYS($I9,'진척율보고서'!$M$4)/$K9))) -> 1 | M9: 완료 | N9: =IF($M9="완료",1,IF($M9="PM확인",0.95,IF($M9="PL확인",0.8,IF($M9="테스트",0.7,IF($M9="수행2단계",0.55,IF($M9="수행1단계",0.35,IF($M9="착수",0.2,IF($M9="미착수",0,"")))))))) -> 1
E10: 솔루션 기능 시연 | G10: 진흥원, 사업단 | I10: 46084 | J10: 46094 | K10: =IF(OR(ISBLANK($I10), ISBLANK($J10)),"",NETWORKDAYS($I10,$J10)) -> 9 | L10: =IF(OR(ISBLANK($I10), ISBLANK($J10)), "", IF('진척율보고서'!$M$4 < $I10, 0, IF('진척율보고서'!$M$4 >= $J10, 1, NETWORKDAYS($I10,'진척율보고서'!$M$4)/$K10))) -> 1 | M10: 완료 | N10: =IF($M10="완료",1,IF($M10="PM확인",0.95,IF($M10="PL확인",0.8,IF($M10="테스트",0.7,IF($M10="수행2단계",0.55,IF($M10="수행1단계",0.35,IF($M10="착수",0.2,IF($M10="미착수",0,"")))))))) -> 1
E11: 솔루션 도입 최종 검토(최종 검토 후 아래 일정 수행) | G11: 진흥원, 사업단 | I11: 46167 | J11: 46173 | K11: =IF(OR(ISBLANK($I11), ISBLANK($J11)),"",NETWORKDAYS($I11,$J11)) -> 5 | L11: =IF(OR(ISBLANK($I11), ISBLANK($J11)), "", IF('진척율보고서'!$M$4 < $I11, 0, IF('진척율보고서'!$M$4 >= $J11, 1, NETWORKDAYS($I11,'진척율보고서'!$M$4)/$K11))) -> 0 | M11: 미착수 | N11: =IF($M11="완료",1,IF($M11="PM확인",0.95,IF($M11="PL확인",0.8,IF($M11="테스트",0.7,IF($M11="수행2단계",0.55,IF($M11="수행1단계",0.35,IF($M11="착수",0.2,IF($M11="미착수",0,"")))))))) -> 0
E12: 요구사항 취합 및 정의 | G12: 사업단 | I12: 46196 | J12: 46200 | K12: =IF(OR(ISBLANK($I12), ISBLANK($J12)),"",NETWORKDAYS($I12,$J12)) -> 4 | L12: =IF(OR(ISBLANK($I12), ISBLANK($J12)), "", IF('진척율보고서'!$M$4 < $I12, 0, IF('진척율보고서'!$M$4 >= $J12, 1, NETWORKDAYS($I12,'진척율보고서'!$M$4)/$K12))) -> 0 | M12: 미착수 | N12: =IF($M12="완료",1,IF($M12="PM확인",0.95,IF($M12="PL확인",0.8,IF($M12="테스트",0.7,IF($M12="수행2단계",0.55,IF($M12="수행1단계",0.35,IF($M12="착수",0.2,IF($M12="미착수",0,"")))))))) -> 0
D13: 커스터마이징 설계
E14: 커스터마이징 범위 정의 | G14: 사업단 | I14: 46174 | J14: 46185 | K14: =IF(OR(ISBLANK($I14), ISBLANK($J14)),"",NETWORKDAYS($I14,$J14)) -> 10 | L14: =IF(OR(ISBLANK($I14), ISBLANK($J14)), "", IF('진척율보고서'!$M$4 < $I14, 0, IF('진척율보고서'!$M$4 >= $J14, 1, NETWORKDAYS($I14,'진척율보고서'!$M$4)/$K14))) -> 0 | M14: 미착수 | N14: =IF($M14="완료",1,IF($M14="PM확인",0.95,IF($M14="PL확인",0.8,IF($M14="테스트",0.7,IF($M14="수행2단계",0.55,IF($M14="수행1단계",0.35,IF($M14="착수",0.2,IF($M14="미착수",0,"")))))))) -> 0
E15: 요구사항 기능 매핑 | G15: 사업단 | I15: 46188 | J15: 46192 | K15: =IF(OR(ISBLANK($I15), ISBLANK($J15)),"",NETWORKDAYS($I15,$J15)) -> 5 | L15: =IF(OR(ISBLANK($I15), ISBLANK($J15)), "", IF('진척율보고서'!$M$4 < $I15, 0, IF('진척율보고서'!$M$4 >= $J15, 1, NETWORKDAYS($I15,'진척율보고서'!$M$4)/$K15))) -> 0 | M15: 미착수 | N15: =IF($M15="완료",1,IF($M15="PM확인",0.95,IF($M15="PL확인",0.8,IF($M15="테스트",0.7,IF($M15="수행2단계",0.55,IF($M15="수행1단계",0.35,IF($M15="착수",0.2,IF($M15="미착수",0,"")))))))) -> 0
C16: 설치 및 커스터마이징 | I16: =MIN(I17:I23) -> 46195 | J16: =MAX(J17:J23) -> 46295 | K16: =IF(OR(ISBLANK($I16), ISBLANK($J16)),"",NETWORKDAYS($I16,$J16)) -> 73 | L16: =SUM(L17:L23)/COUNT(L17:L23) -> 0 | N16: =SUM(N17:N23)/COUNT(N17:N23) -> 0
D17: 솔루션 설치
E18: 솔루션 설치 및 설정 | G18: 사업단 | I18: 46195 | J18: 46199 | K18: =IF(OR(ISBLANK($I18), ISBLANK($J18)),"",NETWORKDAYS($I18,$J18)) -> 5 | L18: =IF(OR(ISBLANK($I18), ISBLANK($J18)), "", IF('진척율보고서'!$M$4 < $I18, 0, IF('진척율보고서'!$M$4 >= $J18, 1, NETWORKDAYS($I18,'진척율보고서'!$M$4)/$K18))) -> 0 | M18: 미착수 | N18: =IF($M18="완료",1,IF($M18="PM확인",0.95,IF($M18="PL확인",0.8,IF($M18="테스트",0.7,IF($M18="수행2단계",0.55,IF($M18="수행1단계",0.35,IF($M18="착수",0.2,IF($M18="미착수",0,"")))))))) -> 0
E19: 솔루션 기본 기능 테스트 | G19: 사업단 | I19: 46202 | J19: 46206 | K19: =IF(OR(ISBLANK($I19), ISBLANK($J19)),"",NETWORKDAYS($I19,$J19)) -> 5 | L19: =IF(OR(ISBLANK($I19), ISBLANK($J19)), "", IF('진척율보고서'!$M$4 < $I19, 0, IF('진척율보고서'!$M$4 >= $J19, 1, NETWORKDAYS($I19,'진척율보고서'!$M$4)/$K19))) -> 0 | M19: 미착수 | N19: =IF($M19="완료",1,IF($M19="PM확인",0.95,IF($M19="PL확인",0.8,IF($M19="테스트",0.7,IF($M19="수행2단계",0.55,IF($M19="수행1단계",0.35,IF($M19="착수",0.2,IF($M19="미착수",0,"")))))))) -> 0
D20: 커스터마이징 구현
E21: 커스터마이징 대상 화면 설계 | G21: 사업단 | I21: 46209 | J21: 46234 | K21: =IF(OR(ISBLANK($I21), ISBLANK($J21)),"",NETWORKDAYS($I21,$J21)) -> 20 | L21: =IF(OR(ISBLANK($I21), ISBLANK($J21)), "", IF('진척율보고서'!$M$4 < $I21, 0, IF('진척율보고서'!$M$4 >= $J21, 1, NETWORKDAYS($I21,'진척율보고서'!$M$4)/$K21))) -> 0 | M21: 미착수 | N21: =IF($M21="완료",1,IF($M21="PM확인",0.95,IF($M21="PL확인",0.8,IF($M21="테스트",0.7,IF($M21="수행2단계",0.55,IF($M21="수행1단계",0.35,IF($M21="착수",0.2,IF($M21="미착수",0,"")))))))) -> 0
E22: 커스터마이징 대상 개발(향 후 일정 상세회 예정) | G22: 사업단 | I22: 46237 | J22: 46283 | K22: =IF(OR(ISBLANK($I22), ISBLANK($J22)),"",NETWORKDAYS($I22,$J22)) -> 35 | L22: =IF(OR(ISBLANK($I22), ISBLANK($J22)), "", IF('진척율보고서'!$M$4 < $I22, 0, IF('진척율보고서'!$M$4 >= $J22, 1, NETWORKDAYS($I22,'진척율보고서'!$M$4)/$K22))) -> 0 | M22: 미착수 | N22: =IF($M22="완료",1,IF($M22="PM확인",0.95,IF($M22="PL확인",0.8,IF($M22="테스트",0.7,IF($M22="수행2단계",0.55,IF($M22="수행1단계",0.35,IF($M22="착수",0.2,IF($M22="미착수",0,"")))))))) -> 0
E23: 솔루션 테스트 | G23: 사업단 | I23: 46286 | J23: 46295 | K23: =IF(OR(ISBLANK($I23), ISBLANK($J23)),"",NETWORKDAYS($I23,$J23)) -> 8 | L23: =IF(OR(ISBLANK($I23), ISBLANK($J23)), "", IF('진척율보고서'!$M$4 < $I23, 0, IF('진척율보고서'!$M$4 >= $J23, 1, NETWORKDAYS($I23,'진척율보고서'!$M$4)/$K23))) -> 0 | M23: 미착수 | N23: =IF($M23="완료",1,IF($M23="PM확인",0.95,IF($M23="PL확인",0.8,IF($M23="테스트",0.7,IF($M23="수행2단계",0.55,IF($M23="수행1단계",0.35,IF($M23="착수",0.2,IF($M23="미착수",0,"")))))))) -> 0
C24: 이행 | I24: =MIN(I25:I27) -> 46296 | J24: =MAX(J25:J27) -> 46311 | K24: =IF(OR(ISBLANK($I24), ISBLANK($J24)),"",NETWORKDAYS($I24,$J24)) -> 12 | L24: =SUM(L25:L27)/COUNT(L25:L27) -> 0 | N24: =SUM(N25:N27)/COUNT(N25:N27) -> 0
D25: 이행
A26: ` | E26: 통계솔루션 운영 매뉴얼 작성 | G26: 사업단 | I26: 46296 | J26: 46311 | K26: =IF(OR(ISBLANK($I26), ISBLANK($J26)),"",NETWORKDAYS($I26,$J26)) -> 12 | L26: =IF(OR(ISBLANK($I26), ISBLANK($J26)), "", IF('진척율보고서'!$M$4 < $I26, 0, IF('진척율보고서'!$M$4 >= $J26, 1, NETWORKDAYS($I26,'진척율보고서'!$M$4)/$K26))) -> 0 | M26: 미착수 | N26: =IF($M26="완료",1,IF($M26="PM확인",0.95,IF($M26="PL확인",0.8,IF($M26="테스트",0.7,IF($M26="수행2단계",0.55,IF($M26="수행1단계",0.35,IF($M26="착수",0.2,IF($M26="미착수",0,"")))))))) -> 0
E27: 솔루션 최종 오픈 | G27: 사업단 | I27: 46296 | J27: 46296 | K27: =IF(OR(ISBLANK($I27), ISBLANK($J27)),"",NETWORKDAYS($I27,$J27)) -> 1 | L27: =IF(OR(ISBLANK($I27), ISBLANK($J27)), "", IF('진척율보고서'!$M$4 < $I27, 0, IF('진척율보고서'!$M$4 >= $J27, 1, NETWORKDAYS($I27,'진척율보고서'!$M$4)/$K27))) -> 0 | M27: 미착수 | N27: =IF($M27="완료",1,IF($M27="PM확인",0.95,IF($M27="PL확인",0.8,IF($M27="테스트",0.7,IF($M27="수행2단계",0.55,IF($M27="수행1단계",0.35,IF($M27="착수",0.2,IF($M27="미착수",0,"")))))))) -> 0

Sheet 3.티켓관리
B2: 3. 티켓관리 | I2: 계획진척률(누적) | K2: =(SUM(L8:L15)+SUM(L17:L23)+SUM(L25:L27))/(COUNT(L8:L15)+COUNT(L17:L23)+COUNT(L25:L27)) -> 0.15384615 | M2: 실적진척률(누적) | O2: =(SUM(N8:N15)+SUM(N17:N23)+SUM(N25:N27))/(COUNT(N8:N15)+COUNT(N17:N23)+COUNT(N25:N27)) -> 0.15384615
I3: 계획 | M3: 실적
B4: 구분 | C4: 단계 | D4: 업무 | F4: 산출물 | G4: 담당자 | H4: 가중치 | I4: 계획시작일 | J4: 계획종료일 | K4: 기간(day) | L4: 진척률 | M4: 상태 | N4: 실적진척률 | O4: 실제시작일 | P4: 실제종료일
D5: 요약 | E5: 업무내용
B6: 티켓관리시스템 도입 및 구축 | H6: ='진척율보고서'!H11 -> 20 | K6: =IF(OR(ISBLANK($I6), ISBLANK($J6)),"",NETWORKDAYS($I6,$J6)) | L6: =K2*H6/100 -> 0.030769231 | N6: =O2*H6/100 -> 0.030769231
C7: 분석/설계 | I7: =MIN(I8:I15) -> 46076 | J7: =MAX(J8:J15) -> 46200 | K7: =IF(OR(ISBLANK($I7), ISBLANK($J7)),"",NETWORKDAYS($I7,$J7)) -> 90 | L7: =SUM(L8:L15)/COUNT(L8:L15) -> 0.33333333 | N7: =SUM(N8:N15)/COUNT(N8:N15) -> 0.33333333
D8: 솔루션 분석 및 요구사항 정의
E9: RFP 검토 | G9: 사업단 | I9: 46076 | J9: 46080 | K9: =IF(OR(ISBLANK($I9), ISBLANK($J9)),"",NETWORKDAYS($I9,$J9)) -> 5 | L9: =IF(OR(ISBLANK($I9), ISBLANK($J9)), "", IF('진척율보고서'!$M$4 < $I9, 0, IF('진척율보고서'!$M$4 >= $J9, 1, NETWORKDAYS($I9,'진척율보고서'!$M$4)/$K9))) -> 1 | M9: 완료 | N9: =IF($M9="완료",1,IF($M9="PM확인",0.95,IF($M9="PL확인",0.8,IF($M9="테스트",0.7,IF($M9="수행2단계",0.55,IF($M9="수행1단계",0.35,IF($M9="착수",0.2,IF($M9="미착수",0,"")))))))) -> 1
E10: 솔루션 기능 시연 | G10: 진흥원, 사업단 | I10: 46084 | J10: 46094 | K10: =IF(OR(ISBLANK($I10), ISBLANK($J10)),"",NETWORKDAYS($I10,$J10)) -> 9 | L10: =IF(OR(ISBLANK($I10), ISBLANK($J10)), "", IF('진척율보고서'!$M$4 < $I10, 0, IF('진척율보고서'!$M$4 >= $J10, 1, NETWORKDAYS($I10,'진척율보고서'!$M$4)/$K10))) -> 1 | M10: 완료 | N10: =IF($M10="완료",1,IF($M10="PM확인",0.95,IF($M10="PL확인",0.8,IF($M10="테스트",0.7,IF($M10="수행2단계",0.55,IF($M10="수행1단계",0.35,IF($M10="착수",0.2,IF($M10="미착수",0,"")))))))) -> 1
E11: 솔루션 도입 최종 검토(최종 검토 후 아래 일정 수행) | G11: 진흥원, 사업단 | I11: 46167 | J11: 46173 | K11: =IF(OR(ISBLANK($I11), ISBLANK($J11)),"",NETWORKDAYS($I11,$J11)) -> 5 | L11: =IF(OR(ISBLANK($I11), ISBLANK($J11)), "", IF('진척율보고서'!$M$4 < $I11, 0, IF('진척율보고서'!$M$4 >= $J11, 1, NETWORKDAYS($I11,'진척율보고서'!$M$4)/$K11))) -> 0 | M11: 미착수 | N11: =IF($M11="완료",1,IF($M11="PM확인",0.95,IF($M11="PL확인",0.8,IF($M11="테스트",0.7,IF($M11="수행2단계",0.55,IF($M11="수행1단계",0.35,IF($M11="착수",0.2,IF($M11="미착수",0,"")))))))) -> 0
E12: 요구사항 취합 및 정의 | G12: 사업단 | I12: 46196 | J12: 46200 | K12: =IF(OR(ISBLANK($I12), ISBLANK($J12)),"",NETWORKDAYS($I12,$J12)) -> 4 | L12: =IF(OR(ISBLANK($I12), ISBLANK($J12)), "", IF('진척율보고서'!$M$4 < $I12, 0, IF('진척율보고서'!$M$4 >= $J12, 1, NETWORKDAYS($I12,'진척율보고서'!$M$4)/$K12))) -> 0 | M12: 미착수 | N12: =IF($M12="완료",1,IF($M12="PM확인",0.95,IF($M12="PL확인",0.8,IF($M12="테스트",0.7,IF($M12="수행2단계",0.55,IF($M12="수행1단계",0.35,IF($M12="착수",0.2,IF($M12="미착수",0,"")))))))) -> 0
D13: 커스터마이징 설계
E14: 커스터마이징 범위 정의 | G14: 사업단 | I14: 46174 | J14: 46185 | K14: =IF(OR(ISBLANK($I14), ISBLANK($J14)),"",NETWORKDAYS($I14,$J14)) -> 10 | L14: =IF(OR(ISBLANK($I14), ISBLANK($J14)), "", IF('진척율보고서'!$M$4 < $I14, 0, IF('진척율보고서'!$M$4 >= $J14, 1, NETWORKDAYS($I14,'진척율보고서'!$M$4)/$K14))) -> 0 | M14: 미착수 | N14: =IF($M14="완료",1,IF($M14="PM확인",0.95,IF($M14="PL확인",0.8,IF($M14="테스트",0.7,IF($M14="수행2단계",0.55,IF($M14="수행1단계",0.35,IF($M14="착수",0.2,IF($M14="미착수",0,"")))))))) -> 0
E15: 요구사항 기능 매핑 | G15: 사업단 | I15: 46188 | J15: 46192 | K15: =IF(OR(ISBLANK($I15), ISBLANK($J15)),"",NETWORKDAYS($I15,$J15)) -> 5 | L15: =IF(OR(ISBLANK($I15), ISBLANK($J15)), "", IF('진척율보고서'!$M$4 < $I15, 0, IF('진척율보고서'!$M$4 >= $J15, 1, NETWORKDAYS($I15,'진척율보고서'!$M$4)/$K15))) -> 0 | M15: 미착수 | N15: =IF($M15="완료",1,IF($M15="PM확인",0.95,IF($M15="PL확인",0.8,IF($M15="테스트",0.7,IF($M15="수행2단계",0.55,IF($M15="수행1단계",0.35,IF($M15="착수",0.2,IF($M15="미착수",0,"")))))))) -> 0
C16: 설치 및 커스터마이징 | I16: =MIN(I17:I23) -> 46195 | J16: =MAX(J17:J23) -> 46295 | K16: =IF(OR(ISBLANK($I16), ISBLANK($J16)),"",NETWORKDAYS($I16,$J16)) -> 73 | L16: =SUM(L17:L23)/COUNT(L17:L23) -> 0 | N16: =SUM(N17:N23)/COUNT(N17:N23) -> 0
A17: ` | D17: 솔루션 설치
E18: 솔루션 설치 및 설정 | G18: 사업단 | I18: 46195 | J18: 46199 | K18: =IF(OR(ISBLANK($I18), ISBLANK($J18)),"",NETWORKDAYS($I18,$J18)) -> 5 | L18: =IF(OR(ISBLANK($I18), ISBLANK($J18)), "", IF('진척율보고서'!$M$4 < $I18, 0, IF('진척율보고서'!$M$4 >= $J18, 1, NETWORKDAYS($I18,'진척율보고서'!$M$4)/$K18))) -> 0 | M18: 미착수 | N18: =IF($M18="완료",1,IF($M18="PM확인",0.95,IF($M18="PL확인",0.8,IF($M18="테스트",0.7,IF($M18="수행2단계",0.55,IF($M18="수행1단계",0.35,IF($M18="착수",0.2,IF($M18="미착수",0,"")))))))) -> 0
E19: 솔루션 기본 기능 테스트 | G19: 사업단 | I19: 46202 | J19: 46206 | K19: =IF(OR(ISBLANK($I19), ISBLANK($J19)),"",NETWORKDAYS($I19,$J19)) -> 5 | L19: =IF(OR(ISBLANK($I19), ISBLANK($J19)), "", IF('진척율보고서'!$M$4 < $I19, 0, IF('진척율보고서'!$M$4 >= $J19, 1, NETWORKDAYS($I19,'진척율보고서'!$M$4)/$K19))) -> 0 | M19: 미착수 | N19: =IF($M19="완료",1,IF($M19="PM확인",0.95,IF($M19="PL확인",0.8,IF($M19="테스트",0.7,IF($M19="수행2단계",0.55,IF($M19="수행1단계",0.35,IF($M19="착수",0.2,IF($M19="미착수",0,"")))))))) -> 0
D20: 커스터마이징 구현
E21: 커스터마이징 대상 화면 설계 | G21: 사업단 | I21: 46209 | J21: 46234 | K21: =IF(OR(ISBLANK($I21), ISBLANK($J21)),"",NETWORKDAYS($I21,$J21)) -> 20 | L21: =IF(OR(ISBLANK($I21), ISBLANK($J21)), "", IF('진척율보고서'!$M$4 < $I21, 0, IF('진척율보고서'!$M$4 >= $J21, 1, NETWORKDAYS($I21,'진척율보고서'!$M$4)/$K21))) -> 0 | M21: 미착수 | N21: =IF($M21="완료",1,IF($M21="PM확인",0.95,IF($M21="PL확인",0.8,IF($M21="테스트",0.7,IF($M21="수행2단계",0.55,IF($M21="수행1단계",0.35,IF($M21="착수",0.2,IF($M21="미착수",0,"")))))))) -> 0
E22: 커스터마이징 대상 개발(향 후 일정 상세회 예정) | G22: 사업단 | I22: 46237 | J22: 46283 | K22: =IF(OR(ISBLANK($I22), ISBLANK($J22)),"",NETWORKDAYS($I22,$J22)) -> 35 | L22: =IF(OR(ISBLANK($I22), ISBLANK($J22)), "", IF('진척율보고서'!$M$4 < $I22, 0, IF('진척율보고서'!$M$4 >= $J22, 1, NETWORKDAYS($I22,'진척율보고서'!$M$4)/$K22))) -> 0 | M22: 미착수 | N22: =IF($M22="완료",1,IF($M22="PM확인",0.95,IF($M22="PL확인",0.8,IF($M22="테스트",0.7,IF($M22="수행2단계",0.55,IF($M22="수행1단계",0.35,IF($M22="착수",0.2,IF($M22="미착수",0,"")))))))) -> 0
E23: 솔루션 테스트 | G23: 사업단 | I23: 46286 | J23: 46295 | K23: =IF(OR(ISBLANK($I23), ISBLANK($J23)),"",NETWORKDAYS($I23,$J23)) -> 8 | L23: =IF(OR(ISBLANK($I23), ISBLANK($J23)), "", IF('진척율보고서'!$M$4 < $I23, 0, IF('진척율보고서'!$M$4 >= $J23, 1, NETWORKDAYS($I23,'진척율보고서'!$M$4)/$K23))) -> 0 | M23: 미착수 | N23: =IF($M23="완료",1,IF($M23="PM확인",0.95,IF($M23="PL확인",0.8,IF($M23="테스트",0.7,IF($M23="수행2단계",0.55,IF($M23="수행1단계",0.35,IF($M23="착수",0.2,IF($M23="미착수",0,"")))))))) -> 0
C24: 이행 | I24: =MIN(I25:I27) -> 46296 | J24: =MAX(J25:J27) -> 46311 | K24: =IF(OR(ISBLANK($I24), ISBLANK($J24)),"",NETWORKDAYS($I24,$J24)) -> 12 | L24: =SUM(L25:L27)/COUNT(L25:L27) -> 0 | N24: =SUM(N25:N27)/COUNT(N25:N27) -> 0
D25: 이행
E26: 통계솔루션 운영 매뉴얼 작성 | G26: 사업단 | I26: 46296 | J26: 46311 | K26: =IF(OR(ISBLANK($I26), ISBLANK($J26)),"",NETWORKDAYS($I26,$J26)) -> 12 | L26: =IF(OR(ISBLANK($I26), ISBLANK($J26)), "", IF('진척율보고서'!$M$4 < $I26, 0, IF('진척율보고서'!$M$4 >= $J26, 1, NETWORKDAYS($I26,'진척율보고서'!$M$4)/$K26))) -> 0 | M26: 미착수 | N26: =IF($M26="완료",1,IF($M26="PM확인",0.95,IF($M26="PL확인",0.8,IF($M26="테스트",0.7,IF($M26="수행2단계",0.55,IF($M26="수행1단계",0.35,IF($M26="착수",0.2,IF($M26="미착수",0,"")))))))) -> 0
E27: 솔루션 최종 오픈 | G27: 사업단 | I27: 46296 | J27: 46296 | K27: =IF(OR(ISBLANK($I27), ISBLANK($J27)),"",NETWORKDAYS($I27,$J27)) -> 1 | L27: =IF(OR(ISBLANK($I27), ISBLANK($J27)), "", IF('진척율보고서'!$M$4 < $I27, 0, IF('진척율보고서'!$M$4 >= $J27, 1, NETWORKDAYS($I27,'진척율보고서'!$M$4)/$K27))) -> 0 | M27: 미착수 | N27: =IF($M27="완료",1,IF($M27="PM확인",0.95,IF($M27="PL확인",0.8,IF($M27="테스트",0.7,IF($M27="수행2단계",0.55,IF($M27="수행1단계",0.35,IF($M27="착수",0.2,IF($M27="미착수",0,"")))))))) -> 0

Sheet 4.기능개선
B2: 4. 기능개선 | I2: 계획진척률(누적) | K2: =(SUM(L8:L16)+SUM(L18:L62))/(COUNT(L8:L16)+COUNT(L18:L62)) -> 0.576133 | M2: 실적진척률(누적) | O2: =(SUM(N8:N16)+SUM(N18:N62))/(COUNT(N8:N16)+COUNT(N18:N62)) -> 0.5475
I3: 계획 | M3: 실적
B4: 구분 | C4: 단계 | D4: 업무 | F4: 산출물 | G4: 담당자 | H4: 가중치 | I4: 계획시작일 | J4: 계획종료일 | K4: 기간(day) | L4: 진척률 | M4: 상태 | N4: 실적진척률 | O4: 실제시작일 | P4: 실제종료일
D5: 요약 | E5: 업무내용
B6: 고도화 및 기능개선 | H6: ='진척율보고서'!H13 -> 30 | K6: =IF(OR(ISBLANK($I6), ISBLANK($J6)),"",NETWORKDAYS($I6,$J6)) | L6: =K2*H6/100 -> 0.1728399 | N6: =O2*H6/100 -> 0.16425
C7: 기능개선 분석 및 요구사항 정의 | I7: =MIN(I8:I16) -> 46048 | J7: =MAX(J8:J16) -> 46080 | K7: =IF(OR(ISBLANK($I7), ISBLANK($J7)),"",NETWORKDAYS($I7,$J7)) -> 25 | L7: =SUM(L8:L16)/COUNT(L8:L16) -> 1 | N7: =SUM(N8:N16)/COUNT(N8:N16) -> 1
D8: 현행 시스템 분석
E9: RFP 검토 | I9: 46048 | J9: 46050 | K9: =IF(OR(ISBLANK($I9), ISBLANK($J9)),"",NETWORKDAYS($I9,$J9)) -> 3 | L9: =IF(OR(ISBLANK($I9), ISBLANK($J9)), "", IF('진척율보고서'!$M$4 < $I9, 0, IF('진척율보고서'!$M$4 >= $J9, 1, NETWORKDAYS($I9,'진척율보고서'!$M$4)/$K9))) -> 1 | M9: 완료 | N9: =IF($M9="완료",1,IF($M9="PM확인",0.95,IF($M9="PL확인",0.8,IF($M9="테스트",0.7,IF($M9="수행2단계",0.55,IF($M9="수행1단계",0.35,IF($M9="착수",0.2,IF($M9="미착수",0,"")))))))) -> 1 | O9: 46048 | P9: 46050
E10: 현행 시스템 분석 | I10: 46048 | J10: 46052 | K10: =IF(OR(ISBLANK($I10), ISBLANK($J10)),"",NETWORKDAYS($I10,$J10)) -> 5 | L10: =IF(OR(ISBLANK($I10), ISBLANK($J10)), "", IF('진척율보고서'!$M$4 < $I10, 0, IF('진척율보고서'!$M$4 >= $J10, 1, NETWORKDAYS($I10,'진척율보고서'!$M$4)/$K10))) -> 1 | M10: 완료 | N10: =IF($M10="완료",1,IF($M10="PM확인",0.95,IF($M10="PL확인",0.8,IF($M10="테스트",0.7,IF($M10="수행2단계",0.55,IF($M10="수행1단계",0.35,IF($M10="착수",0.2,IF($M10="미착수",0,"")))))))) -> 1 | O10: 46048 | P10: 46052
E11: 현행 업무프로세스 분석 | I11: 46048 | J11: 46052 | K11: =IF(OR(ISBLANK($I11), ISBLANK($J11)),"",NETWORKDAYS($I11,$J11)) -> 5 | L11: =IF(OR(ISBLANK($I11), ISBLANK($J11)), "", IF('진척율보고서'!$M$4 < $I11, 0, IF('진척율보고서'!$M$4 >= $J11, 1, NETWORKDAYS($I11,'진척율보고서'!$M$4)/$K11))) -> 1 | M11: 완료 | N11: =IF($M11="완료",1,IF($M11="PM확인",0.95,IF($M11="PL확인",0.8,IF($M11="테스트",0.7,IF($M11="수행2단계",0.55,IF($M11="수행1단계",0.35,IF($M11="착수",0.2,IF($M11="미착수",0,"")))))))) -> 1 | O11: 46048 | P11: 46052
E12: 시스템매뉴얼 분석 | I12: 46048 | J12: 46052 | K12: =IF(OR(ISBLANK($I12), ISBLANK($J12)),"",NETWORKDAYS($I12,$J12)) -> 5 | L12: =IF(OR(ISBLANK($I12), ISBLANK($J12)), "", IF('진척율보고서'!$M$4 < $I12, 0, IF('진척율보고서'!$M$4 >= $J12, 1, NETWORKDAYS($I12,'진척율보고서'!$M$4)/$K12))) -> 1 | M12: 완료 | N12: =IF($M12="완료",1,IF($M12="PM확인",0.95,IF($M12="PL확인",0.8,IF($M12="테스트",0.7,IF($M12="수행2단계",0.55,IF($M12="수행1단계",0.35,IF($M12="착수",0.2,IF($M12="미착수",0,"")))))))) -> 1 | O12: 46048 | P12: 46052
D13: 요구사항 정의
E14: 1차 요구사항 정의 | F14: 요구사항정의서 | G14: 진흥원, 사업단 | I14: 46055 | J14: 46059 | K14: =IF(OR(ISBLANK($I14), ISBLANK($J14)),"",NETWORKDAYS($I14,$J14)) -> 5 | L14: =IF(OR(ISBLANK($I14), ISBLANK($J14)), "", IF('진척율보고서'!$M$4 < $I14, 0, IF('진척율보고서'!$M$4 >= $J14, 1, NETWORKDAYS($I14,'진척율보고서'!$M$4)/$K14))) -> 1 | M14: 완료 | N14: =IF($M14="완료",1,IF($M14="PM확인",0.95,IF($M14="PL확인",0.8,IF($M14="테스트",0.7,IF($M14="수행2단계",0.55,IF($M14="수행1단계",0.35,IF($M14="착수",0.2,IF($M14="미착수",0,"")))))))) -> 1 | O14: 46055 | P14: 46059
E15: 2차 요구사항 정의 | F15: 요구사항정의서 | G15: 진흥원, 사업단 | I15: 46062 | J15: 46066 | K15: =IF(OR(ISBLANK($I15), ISBLANK($J15)),"",NETWORKDAYS($I15,$J15)) -> 5 | L15: =IF(OR(ISBLANK($I15), ISBLANK($J15)), "", IF('진척율보고서'!$M$4 < $I15, 0, IF('진척율보고서'!$M$4 >= $J15, 1, NETWORKDAYS($I15,'진척율보고서'!$M$4)/$K15))) -> 1 | M15: 완료 | N15: =IF($M15="완료",1,IF($M15="PM확인",0.95,IF($M15="PL확인",0.8,IF($M15="테스트",0.7,IF($M15="수행2단계",0.55,IF($M15="수행1단계",0.35,IF($M15="착수",0.2,IF($M15="미착수",0,"")))))))) -> 1 | O15: 46062 | P15: 46066
E16: 3차 요구사항 정의 | F16: 요구사항정의서 | G16: 진흥원, 사업단 | I16: 46076 | J16: 46080 | K16: =IF(OR(ISBLANK($I16), ISBLANK($J16)),"",NETWORKDAYS($I16,$J16)) -> 5 | L16: =IF(OR(ISBLANK($I16), ISBLANK($J16)), "", IF('진척율보고서'!$M$4 < $I16, 0, IF('진척율보고서'!$M$4 >= $J16, 1, NETWORKDAYS($I16,'진척율보고서'!$M$4)/$K16))) -> 1 | M16: 완료 | N16: =IF($M16="완료",1,IF($M16="PM확인",0.95,IF($M16="PL확인",0.8,IF($M16="테스트",0.7,IF($M16="수행2단계",0.55,IF($M16="수행1단계",0.35,IF($M16="착수",0.2,IF($M16="미착수",0,"")))))))) -> 1 | O16: 46076 | P16: 46080
C17: 기능개선 설계 및 이행 | I17: =MIN(I18:I99) -> 46057 | J17: =MAX(J18:J99) -> 46295 | K17: =IF(OR(ISBLANK($I17), ISBLANK($J17)),"",NETWORKDAYS($I17,$J17)) -> 171 | L17: =SUM(L18:L99)/COUNT(L18:L99) -> 0.29298234 | N17: =SUM(N18:N99)/COUNT(N18:N99) -> 0.26587302
A18: ` | D18: 사이트별 독립 구조 개선
E19: 가치장터 사이트 분리 대상 및 범위 분석/설계 | I19: 46057 | J19: 46066 | K19: =IF(OR(ISBLANK($I19), ISBLANK($J19)),"",NETWORKDAYS($I19,$J19)) -> 8 | L19: =IF(OR(ISBLANK($I19), ISBLANK($J19)), "", IF('진척율보고서'!$M$4 < $I19, 0, IF('진척율보고서'!$M$4 >= $J19, 1, NETWORKDAYS($I19,'진척율보고서'!$M$4)/$K19))) -> 1 | M19: 완료 | N19: =IF($M19="완료",1,IF($M19="PM확인",0.95,IF($M19="PL확인",0.8,IF($M19="테스트",0.7,IF($M19="수행2단계",0.55,IF($M19="수행1단계",0.35,IF($M19="착수",0.2,IF($M19="미착수",0,"")))))))) -> 1 | O19: 46057 | P19: 46066
E20: 가치장터 사이트 분리 대상 및 범위 개발 | I20: 46072 | J20: 46112 | K20: =IF(OR(ISBLANK($I20), ISBLANK($J20)),"",NETWORKDAYS($I20,$J20)) -> 29 | L20: =IF(OR(ISBLANK($I20), ISBLANK($J20)), "", IF('진척율보고서'!$M$4 < $I20, 0, IF('진척율보고서'!$M$4 >= $J20, 1, NETWORKDAYS($I20,'진척율보고서'!$M$4)/$K20))) -> 0.93103448 | M20: 수행2단계 | N20: =IF($M20="완료",1,IF($M20="PM확인",0.95,IF($M20="PL확인",0.8,IF($M20="테스트",0.7,IF($M20="수행2단계",0.55,IF($M20="수행1단계",0.35,IF($M20="착수",0.2,IF($M20="미착수",0,"")))))))) -> 0.55 | O20: 46072
D21: 가치장터 구매계약 UX/UI 개선
E22: UX/UI 분석 / 인터뷰
E23: 기존 업무 화면 분석 | G23: 사업단 | I23: 46072 | J23: 46094 | K23: =IF(OR(ISBLANK($I23), ISBLANK($J23)),"",NETWORKDAYS($I23,$J23)) -> 17 | L23: =IF(OR(ISBLANK($I23), ISBLANK($J23)), "", IF('진척율보고서'!$M$4 < $I23, 0, IF('진척율보고서'!$M$4 >= $J23, 1, NETWORKDAYS($I23,'진척율보고서'!$M$4)/$K23))) -> 1 | M23: 완료 | N23: =IF($M23="완료",1,IF($M23="PM확인",0.95,IF($M23="PL확인",0.8,IF($M23="테스트",0.7,IF($M23="수행2단계",0.55,IF($M23="수행1단계",0.35,IF($M23="착수",0.2,IF($M23="미착수",0,"")))))))) -> 1 | O23: 46072 | P23: 46094
A24: ` | E24: 기존 디자인 스타일 가이드 분석 | G24: 사업단 | I24: 46090 | J24: 46100 | K24: =IF(OR(ISBLANK($I24), ISBLANK($J24)),"",NETWORKDAYS($I24,$J24)) -> 9 | L24: =IF(OR(ISBLANK($I24), ISBLANK($J24)), "", IF('진척율보고서'!$M$4 < $I24, 0, IF('진척율보고서'!$M$4 >= $J24, 1, NETWORKDAYS($I24,'진척율보고서'!$M$4)/$K24))) -> 1 | M24: 완료 | N24: =IF($M24="완료",1,IF($M24="PM확인",0.95,IF($M24="PL확인",0.8,IF($M24="테스트",0.7,IF($M24="수행2단계",0.55,IF($M24="수행1단계",0.35,IF($M24="착수",0.2,IF($M24="미착수",0,"")))))))) -> 1 | O24: 46090 | P24: 46101
E25: 고객 인터뷰 시행 | G25: 진흥원, 사업단 | I25: 46101 | J25: 46101 | K25: =IF(OR(ISBLANK($I25), ISBLANK($J25)),"",NETWORKDAYS($I25,$J25)) -> 1 | L25: =IF(OR(ISBLANK($I25), ISBLANK($J25)), "", IF('진척율보고서'!$M$4 < $I25, 0, IF('진척율보고서'!$M$4 >= $J25, 1, NETWORKDAYS($I25,'진척율보고서'!$M$4)/$K25))) -> 1 | M25: 완료 | N25: =IF($M25="완료",1,IF($M25="PM확인",0.95,IF($M25="PL확인",0.8,IF($M25="테스트",0.7,IF($M25="수행2단계",0.55,IF($M25="수행1단계",0.35,IF($M25="착수",0.2,IF($M25="미착수",0,"")))))))) -> 1 | O25: 46101 | P25: 46101
E26: UX/UI 요구사항 정의 | G26: 사업단 | I26: 46104 | J26: 46112 | K26: =IF(OR(ISBLANK($I26), ISBLANK($J26)),"",NETWORKDAYS($I26,$J26)) -> 7 | L26: =IF(OR(ISBLANK($I26), ISBLANK($J26)), "", IF('진척율보고서'!$M$4 < $I26, 0, IF('진척율보고서'!$M$4 >= $J26, 1, NETWORKDAYS($I26,'진척율보고서'!$M$4)/$K26))) -> 0.71428571 | M26: 미착수 | N26: =IF($M26="완료",1,IF($M26="PM확인",0.95,IF($M26="PL확인",0.8,IF($M26="테스트",0.7,IF($M26="수행2단계",0.55,IF($M26="수행1단계",0.35,IF($M26="착수",0.2,IF($M26="미착수",0,"")))))))) -> 0
E27: UI/UX 설계 | G27: 사업단 | I27: 46112 | J27: 46130 | K27: =IF(OR(ISBLANK($I27), ISBLANK($J27)),"",NETWORKDAYS($I27,$J27)) -> 14 | L27: =IF(OR(ISBLANK($I27), ISBLANK($J27)), "", IF('진척율보고서'!$M$4 < $I27, 0, IF('진척율보고서'!$M$4 >= $J27, 1, NETWORKDAYS($I27,'진척율보고서'!$M$4)/$K27))) -> 0 | M27: 미착수 | N27: =IF($M27="완료",1,IF($M27="PM확인",0.95,IF($M27="PL확인",0.8,IF($M27="테스트",0.7,IF($M27="수행2단계",0.55,IF($M27="수행1단계",0.35,IF($M27="착수",0.2,IF($M27="미착수",0,"")))))))) -> 0
E28: UI/UX 디자인 | G28: 사업단 | I28: 46126 | J28: 46137 | K28: =IF(OR(ISBLANK($I28), ISBLANK($J28)),"",NETWORKDAYS($I28,$J28)) -> 9 | L28: =IF(OR(ISBLANK($I28), ISBLANK($J28)), "", IF('진척율보고서'!$M$4 < $I28, 0, IF('진척율보고서'!$M$4 >= $J28, 1, NETWORKDAYS($I28,'진척율보고서'!$M$4)/$K28))) -> 0 | M28: 미착수 | N28: =IF($M28="완료",1,IF($M28="PM확인",0.95,IF($M28="PL확인",0.8,IF($M28="테스트",0.7,IF($M28="수행2단계",0.55,IF($M28="수행1단계",0.35,IF($M28="착수",0.2,IF($M28="미착수",0,"")))))))) -> 0
E29: UI/UX 퍼블리싱 | G29: 사업단 | I29: 46119 | J29: 46165 | K29: =IF(OR(ISBLANK($I29), ISBLANK($J29)),"",NETWORKDAYS($I29,$J29)) -> 34 | L29: =IF(OR(ISBLANK($I29), ISBLANK($J29)), "", IF('진척율보고서'!$M$4 < $I29, 0, IF('진척율보고서'!$M$4 >= $J29, 1, NETWORKDAYS($I29,'진척율보고서'!$M$4)/$K29))) -> 0 | M29: 미착수 | N29: =IF($M29="완료",1,IF($M29="PM확인",0.95,IF($M29="PL확인",0.8,IF($M29="테스트",0.7,IF($M29="수행2단계",0.55,IF($M29="수행1단계",0.35,IF($M29="착수",0.2,IF($M29="미착수",0,"")))))))) -> 0
D30: 가치장터 구매계약 설계 / 개발
E31: 공급요청 설계/개발
E32: 공급요청 설계 | G32: 진흥원, 사업단 | I32: 46090 | J32: 46108 | K32: =IF(OR(ISBLANK($I32), ISBLANK($J32)),"",NETWORKDAYS($I32,$J32)) -> 15 | L32: =IF(OR(ISBLANK($I32), ISBLANK($J32)), "", IF('진척율보고서'!$M$4 < $I32, 0, IF('진척율보고서'!$M$4 >= $J32, 1, NETWORKDAYS($I32,'진척율보고서'!$M$4)/$K32))) -> 1 | M32: 완료 | N32: =IF($M32="완료",1,IF($M32="PM확인",0.95,IF($M32="PL확인",0.8,IF($M32="테스트",0.7,IF($M32="수행2단계",0.55,IF($M32="수행1단계",0.35,IF($M32="착수",0.2,IF($M32="미착수",0,"")))))))) -> 1 | O32: 46090 | P32: 46108
E33: 공급요청 개발 | G33: 사업단 | I33: 46111 | J33: 46115 | K33: =IF(OR(ISBLANK($I33), ISBLANK($J33)),"",NETWORKDAYS($I33,$J33)) -> 5 | L33: =IF(OR(ISBLANK($I33), ISBLANK($J33)), "", IF('진척율보고서'!$M$4 < $I33, 0, IF('진척율보고서'!$M$4 >= $J33, 1, NETWORKDAYS($I33,'진척율보고서'!$M$4)/$K33))) -> 0 | M33: 미착수 | N33: =IF($M33="완료",1,IF($M33="PM확인",0.95,IF($M33="PL확인",0.8,IF($M33="테스트",0.7,IF($M33="수행2단계",0.55,IF($M33="수행1단계",0.35,IF($M33="착수",0.2,IF($M33="미착수",0,"")))))))) -> 0
A34: ` | E34: 견적/가격협상/계약 설계/개발
E35: 견적요청 설계 | G35: 진흥원, 사업단 | I35: 46090 | J35: 46108 | K35: =IF(OR(ISBLANK($I35), ISBLANK($J35)),"",NETWORKDAYS($I35,$J35)) -> 15 | L35: =IF(OR(ISBLANK($I35), ISBLANK($J35)), "", IF('진척율보고서'!$M$4 < $I35, 0, IF('진척율보고서'!$M$4 >= $J35, 1, NETWORKDAYS($I35,'진척율보고서'!$M$4)/$K35))) -> 1 | M35: 완료 | N35: =IF($M35="완료",1,IF($M35="PM확인",0.95,IF($M35="PL확인",0.8,IF($M35="테스트",0.7,IF($M35="수행2단계",0.55,IF($M35="수행1단계",0.35,IF($M35="착수",0.2,IF($M35="미착수",0,"")))))))) -> 1 | O35: 46090 | P35: 46108
E36: 견적요청 개발 | G36: 사업단 | I36: 46118 | J36: 46122 | K36: =IF(OR(ISBLANK($I36), ISBLANK($J36)),"",NETWORKDAYS($I36,$J36)) -> 5 | L36: =IF(OR(ISBLANK($I36), ISBLANK($J36)), "", IF('진척율보고서'!$M$4 < $I36, 0, IF('진척율보고서'!$M$4 >= $J36, 1, NETWORKDAYS($I36,'진척율보고서'!$M$4)/$K36))) -> 0 | M36: 미착수 | N36: =IF($M36="완료",1,IF($M36="PM확인",0.95,IF($M36="PL확인",0.8,IF($M36="테스트",0.7,IF($M36="수행2단계",0.55,IF($M36="수행1단계",0.35,IF($M36="착수",0.2,IF($M36="미착수",0,"")))))))) -> 0
E37: 가격협상 설계 | G37: 진흥원, 사업단 | I37: 46090 | J37: 46108 | K37: =IF(OR(ISBLANK($I37), ISBLANK($J37)),"",NETWORKDAYS($I37,$J37)) -> 15 | L37: =IF(OR(ISBLANK($I37), ISBLANK($J37)), "", IF('진척율보고서'!$M$4 < $I37, 0, IF('진척율보고서'!$M$4 >= $J37, 1, NETWORKDAYS($I37,'진척율보고서'!$M$4)/$K37))) -> 1 | M37: 완료 | N37: =IF($M37="완료",1,IF($M37="PM확인",0.95,IF($M37="PL확인",0.8,IF($M37="테스트",0.7,IF($M37="수행2단계",0.55,IF($M37="수행1단계",0.35,IF($M37="착수",0.2,IF($M37="미착수",0,"")))))))) -> 1 | O37: 46090 | P37: 46108
E38: 가격협상 개발 | G38: 사업단 | I38: 46125 | J38: 46129 | K38: =IF(OR(ISBLANK($I38), ISBLANK($J38)),"",NETWORKDAYS($I38,$J38)) -> 5 | L38: =IF(OR(ISBLANK($I38), ISBLANK($J38)), "", IF('진척율보고서'!$M$4 < $I38, 0, IF('진척율보고서'!$M$4 >= $J38, 1, NETWORKDAYS($I38,'진척율보고서'!$M$4)/$K38))) -> 0 | M38: 미착수 | N38: =IF($M38="완료",1,IF($M38="PM확인",0.95,IF($M38="PL확인",0.8,IF($M38="테스트",0.7,IF($M38="수행2단계",0.55,IF($M38="수행1단계",0.35,IF($M38="착수",0.2,IF($M38="미착수",0,"")))))))) -> 0
E39: 계약대상관리 설계 | G39: 진흥원, 사업단 | I39: 46090 | J39: 46108 | K39: =IF(OR(ISBLANK($I39), ISBLANK($J39)),"",NETWORKDAYS($I39,$J39)) -> 15 | L39: =IF(OR(ISBLANK($I39), ISBLANK($J39)), "", IF('진척율보고서'!$M$4 < $I39, 0, IF('진척율보고서'!$M$4 >= $J39, 1, NETWORKDAYS($I39,'진척율보고서'!$M$4)/$K39))) -> 1 | M39: 완료 | N39: =IF($M39="완료",1,IF($M39="PM확인",0.95,IF($M39="PL확인",0.8,IF($M39="테스트",0.7,IF($M39="수행2단계",0.55,IF($M39="수행1단계",0.35,IF($M39="착수",0.2,IF($M39="미착수",0,"")))))))) -> 1 | O39: 46090 | P39: 46108
A40: ` | E40: 계약대상관리 개발 | G40: 사업단 | I40: 46132 | J40: 46136 | K40: =IF(OR(ISBLANK($I40), ISBLANK($J40)),"",NETWORKDAYS($I40,$J40)) -> 5 | L40: =IF(OR(ISBLANK($I40), ISBLANK($J40)), "", IF('진척율보고서'!$M$4 < $I40, 0, IF('진척율보고서'!$M$4 >= $J40, 1, NETWORKDAYS($I40,'진척율보고서'!$M$4)/$K40))) -> 0 | M40: 미착수 | N40: =IF($M40="완료",1,IF($M40="PM확인",0.95,IF($M40="PL확인",0.8,IF($M40="테스트",0.7,IF($M40="수행2단계",0.55,IF($M40="수행1단계",0.35,IF($M40="착수",0.2,IF($M40="미착수",0,"")))))))) -> 0
E41: 계약목록현황 설계 | G41: 진흥원, 사업단 | I41: 46090 | J41: 46108 | K41: =IF(OR(ISBLANK($I41), ISBLANK($J41)),"",NETWORKDAYS($I41,$J41)) -> 15 | L41: =IF(OR(ISBLANK($I41), ISBLANK($J41)), "", IF('진척율보고서'!$M$4 < $I41, 0, IF('진척율보고서'!$M$4 >= $J41, 1, NETWORKDAYS($I41,'진척율보고서'!$M$4)/$K41))) -> 1 | M41: 완료 | N41: =IF($M41="완료",1,IF($M41="PM확인",0.95,IF($M41="PL확인",0.8,IF($M41="테스트",0.7,IF($M41="수행2단계",0.55,IF($M41="수행1단계",0.35,IF($M41="착수",0.2,IF($M41="미착수",0,"")))))))) -> 1 | O41: 46090 | P41: 46108
E42: 계약목록현황 개발 | G42: 사업단 | I42: 46139 | J42: 46143 | K42: =IF(OR(ISBLANK($I42), ISBLANK($J42)),"",NETWORKDAYS($I42,$J42)) -> 5 | L42: =IF(OR(ISBLANK($I42), ISBLANK($J42)), "", IF('진척율보고서'!$M$4 < $I42, 0, IF('진척율보고서'!$M$4 >= $J42, 1, NETWORKDAYS($I42,'진척율보고서'!$M$4)/$K42))) -> 0 | M42: 미착수 | N42: =IF($M42="완료",1,IF($M42="PM확인",0.95,IF($M42="PL확인",0.8,IF($M42="테스트",0.7,IF($M42="수행2단계",0.55,IF($M42="수행1단계",0.35,IF($M42="착수",0.2,IF($M42="미착수",0,"")))))))) -> 0
E43: 주문/배송 설계/개발
E44: 주문/배송조회 설계 | G44: 진흥원, 사업단 | I44: 46090 | J44: 46108 | K44: =IF(OR(ISBLANK($I44), ISBLANK($J44)),"",NETWORKDAYS($I44,$J44)) -> 15 | L44: =IF(OR(ISBLANK($I44), ISBLANK($J44)), "", IF('진척율보고서'!$M$4 < $I44, 0, IF('진척율보고서'!$M$4 >= $J44, 1, NETWORKDAYS($I44,'진척율보고서'!$M$4)/$K44))) -> 1 | M44: 완료 | N44: =IF($M44="완료",1,IF($M44="PM확인",0.95,IF($M44="PL확인",0.8,IF($M44="테스트",0.7,IF($M44="수행2단계",0.55,IF($M44="수행1단계",0.35,IF($M44="착수",0.2,IF($M44="미착수",0,"")))))))) -> 1 | O44: 46090 | P44: 46108
E45: 주문/배송조회 개발 | G45: 사업단 | I45: 46144 | J45: 46150 | K45: =IF(OR(ISBLANK($I45), ISBLANK($J45)),"",NETWORKDAYS($I45,$J45)) -> 5 | L45: =IF(OR(ISBLANK($I45), ISBLANK($J45)), "", IF('진척율보고서'!$M$4 < $I45, 0, IF('진척율보고서'!$M$4 >= $J45, 1, NETWORKDAYS($I45,'진척율보고서'!$M$4)/$K45))) -> 0 | M45: 미착수 | N45: =IF($M45="완료",1,IF($M45="PM확인",0.95,IF($M45="PL확인",0.8,IF($M45="테스트",0.7,IF($M45="수행2단계",0.55,IF($M45="수행1단계",0.35,IF($M45="착수",0.2,IF($M45="미착수",0,"")))))))) -> 0
A46: ` | E46: 검수요청 설계 | G46: 진흥원, 사업단 | I46: 46090 | J46: 46108 | K46: =IF(OR(ISBLANK($I46), ISBLANK($J46)),"",NETWORKDAYS($I46,$J46)) -> 15 | L46: =IF(OR(ISBLANK($I46), ISBLANK($J46)), "", IF('진척율보고서'!$M$4 < $I46, 0, IF('진척율보고서'!$M$4 >= $J46, 1, NETWORKDAYS($I46,'진척율보고서'!$M$4)/$K46))) -> 1 | M46: 완료 | N46: =IF($M46="완료",1,IF($M46="PM확인",0.95,IF($M46="PL확인",0.8,IF($M46="테스트",0.7,IF($M46="수행2단계",0.55,IF($M46="수행1단계",0.35,IF($M46="착수",0.2,IF($M46="미착수",0,"")))))))) -> 1 | O46: 46090 | P46: 46108
E47: 검수요청 개발 | G47: 사업단 | I47: 46153 | J47: 46157 | K47: =IF(OR(ISBLANK($I47), ISBLANK($J47)),"",NETWORKDAYS($I47,$J47)) -> 5 | L47: =IF(OR(ISBLANK($I47), ISBLANK($J47)), "", IF('진척율보고서'!$M$4 < $I47, 0, IF('진척율보고서'!$M$4 >= $J47, 1, NETWORKDAYS($I47,'진척율보고서'!$M$4)/$K47))) -> 0 | M47: 미착수 | N47: =IF($M47="완료",1,IF($M47="PM확인",0.95,IF($M47="PL확인",0.8,IF($M47="테스트",0.7,IF($M47="수행2단계",0.55,IF($M47="수행1단계",0.35,IF($M47="착수",0.2,IF($M47="미착수",0,"")))))))) -> 0
E48: 취소/교환/반품 설계 | G48: 진흥원, 사업단 | I48: 46090 | J48: 46108 | K48: =IF(OR(ISBLANK($I48), ISBLANK($J48)),"",NETWORKDAYS($I48,$J48)) -> 15 | L48: =IF(OR(ISBLANK($I48), ISBLANK($J48)), "", IF('진척율보고서'!$M$4 < $I48, 0, IF('진척율보고서'!$M$4 >= $J48, 1, NETWORKDAYS($I48,'진척율보고서'!$M$4)/$K48))) -> 1 | M48: 완료 | N48: =IF($M48="완료",1,IF($M48="PM확인",0.95,IF($M48="PL확인",0.8,IF($M48="테스트",0.7,IF($M48="수행2단계",0.55,IF($M48="수행1단계",0.35,IF($M48="착수",0.2,IF($M48="미착수",0,"")))))))) -> 1 | O48: 46090 | P48: 46108
E49: 취소/교환/반품 개발 | G49: 사업단 | I49: 46160 | J49: 46164 | K49: =IF(OR(ISBLANK($I49), ISBLANK($J49)),"",NETWORKDAYS($I49,$J49)) -> 5 | L49: =IF(OR(ISBLANK($I49), ISBLANK($J49)), "", IF('진척율보고서'!$M$4 < $I49, 0, IF('진척율보고서'!$M$4 >= $J49, 1, NETWORKDAYS($I49,'진척율보고서'!$M$4)/$K49))) -> 0 | M49: 미착수 | N49: =IF($M49="완료",1,IF($M49="PM확인",0.95,IF($M49="PL확인",0.8,IF($M49="테스트",0.7,IF($M49="수행2단계",0.55,IF($M49="수행1단계",0.35,IF($M49="착수",0.2,IF($M49="미착수",0,"")))))))) -> 0
D50: 조달청 나라장터 연계 데이터 활성화
E51: 연계 담당자의 소속기관코드 및 나라장터 사용자ID 현행화 방안 | G51: 진흥원, 사업단 | I51: 46090 | J51: 46094 | K51: =IF(OR(ISBLANK($I51), ISBLANK($J51)),"",NETWORKDAYS($I51,$J51)) -> 5 | L51: =IF(OR(ISBLANK($I51), ISBLANK($J51)), "", IF('진척율보고서'!$M$4 < $I51, 0, IF('진척율보고서'!$M$4 >= $J51, 1, NETWORKDAYS($I51,'진척율보고서'!$M$4)/$K51))) -> 1 | M51: 완료 | N51: =IF($M51="완료",1,IF($M51="PM확인",0.95,IF($M51="PL확인",0.8,IF($M51="테스트",0.7,IF($M51="수행2단계",0.55,IF($M51="수행1단계",0.35,IF($M51="착수",0.2,IF($M51="미착수",0,"")))))))) -> 1 | O51: 46078 | P51: 46080
A52: ` | E52: 연계 담당자의 소속기관코드 및 나라장터 사용자ID 기능 개선 | G52: 사업단 | I52: 46113 | J52: 46142 | K52: =IF(OR(ISBLANK($I52), ISBLANK($J52)),"",NETWORKDAYS($I52,$J52)) -> 22 | L52: =IF(OR(ISBLANK($I52), ISBLANK($J52)), "", IF('진척율보고서'!$M$4 < $I52, 0, IF('진척율보고서'!$M$4 >= $J52, 1, NETWORKDAYS($I52,'진척율보고서'!$M$4)/$K52))) -> 0 | M52: 미착수 | N52: =IF($M52="완료",1,IF($M52="PM확인",0.95,IF($M52="PL확인",0.8,IF($M52="테스트",0.7,IF($M52="수행2단계",0.55,IF($M52="수행1단계",0.35,IF($M52="착수",0.2,IF($M52="미착수",0,"")))))))) -> 0
D53: 마이페이지(가치장터/STORE 36.5) 서비스 개선
E54: 마이페이지(가치장터/STORE 36.5) 분석/설계 | G54: 사업단 | I54: 46090 | J54: 46108 | K54: =IF(OR(ISBLANK($I54), ISBLANK($J54)),"",NETWORKDAYS($I54,$J54)) -> 15 | L54: =IF(OR(ISBLANK($I54), ISBLANK($J54)), "", IF('진척율보고서'!$M$4 < $I54, 0, IF('진척율보고서'!$M$4 >= $J54, 1, NETWORKDAYS($I54,'진척율보고서'!$M$4)/$K54))) -> 1 | M54: 완료 | N54: =IF($M54="완료",1,IF($M54="PM확인",0.95,IF($M54="PL확인",0.8,IF($M54="테스트",0.7,IF($M54="수행2단계",0.55,IF($M54="수행1단계",0.35,IF($M54="착수",0.2,IF($M54="미착수",0,"")))))))) -> 1 | O54: 46090 | P54: 46108
E55: 마이페이지(가치장터/STORE 36.5) 개발 | G55: 사업단 | I55: 46168 | J55: 46171 | K55: =IF(OR(ISBLANK($I55), ISBLANK($J55)),"",NETWORKDAYS($I55,$J55)) -> 4 | L55: =IF(OR(ISBLANK($I55), ISBLANK($J55)), "", IF('진척율보고서'!$M$4 < $I55, 0, IF('진척율보고서'!$M$4 >= $J55, 1, NETWORKDAYS($I55,'진척율보고서'!$M$4)/$K55))) -> 0 | M55: 미착수 | N55: =IF($M55="완료",1,IF($M55="PM확인",0.95,IF($M55="PL확인",0.8,IF($M55="테스트",0.7,IF($M55="수행2단계",0.55,IF($M55="수행1단계",0.35,IF($M55="착수",0.2,IF($M55="미착수",0,"")))))))) -> 0
D56: 가치장터 세금계산서 발행 기능 구현
E57: 세금계산서 발행 절차 협의 | G57: 진흥원, 사업단 | I57: 46097 | J57: 46129 | K57: =IF(OR(ISBLANK($I57), ISBLANK($J57)),"",NETWORKDAYS($I57,$J57)) -> 25 | L57: =IF(OR(ISBLANK($I57), ISBLANK($J57)), "", IF('진척율보고서'!$M$4 < $I57, 0, IF('진척율보고서'!$M$4 >= $J57, 1, NETWORKDAYS($I57,'진척율보고서'!$M$4)/$K57))) -> 0.4 | M57: 수행1단계 | N57: =IF($M57="완료",1,IF($M57="PM확인",0.95,IF($M57="PL확인",0.8,IF($M57="테스트",0.7,IF($M57="수행2단계",0.55,IF($M57="수행1단계",0.35,IF($M57="착수",0.2,IF($M57="미착수",0,"")))))))) -> 0.35 | O57: 46097
A58: ` | E58: 세금계산서 발행 처리 기능개선 개발 | G58: 사업단 | I58: 46132 | J58: 46157 | K58: =IF(OR(ISBLANK($I58), ISBLANK($J58)),"",NETWORKDAYS($I58,$J58)) -> 20 | L58: =IF(OR(ISBLANK($I58), ISBLANK($J58)), "", IF('진척율보고서'!$M$4 < $I58, 0, IF('진척율보고서'!$M$4 >= $J58, 1, NETWORKDAYS($I58,'진척율보고서'!$M$4)/$K58))) -> 0 | M58: 미착수 | N58: =IF($M58="완료",1,IF($M58="PM확인",0.95,IF($M58="PL확인",0.8,IF($M58="테스트",0.7,IF($M58="수행2단계",0.55,IF($M58="수행1단계",0.35,IF($M58="착수",0.2,IF($M58="미착수",0,"")))))))) -> 0
D59: 사회적 가치(SVI, SPC) 데이터 연계
E60: 사회적가치(SVI, SPC) 데이터 활성화 방안 도출 | G60: 진흥원, 사업단 | I60: 46223 | J60: 46234 | K60: =IF(OR(ISBLANK($I60), ISBLANK($J60)),"",NETWORKDAYS($I60,$J60)) -> 10 | L60: =IF(OR(ISBLANK($I60), ISBLANK($J60)), "", IF('진척율보고서'!$M$4 < $I60, 0, IF('진척율보고서'!$M$4 >= $J60, 1, NETWORKDAYS($I60,'진척율보고서'!$M$4)/$K60))) -> 0 | M60: 미착수 | N60: =IF($M60="완료",1,IF($M60="PM확인",0.95,IF($M60="PL확인",0.8,IF($M60="테스트",0.7,IF($M60="수행2단계",0.55,IF($M60="수행1단계",0.35,IF($M60="착수",0.2,IF($M60="미착수",0,"")))))))) -> 0
E61: 사회적가치(SVI, SPC) 데이터 활성화 기능개선 개발 | G61: 사업단 | I61: 46237 | J61: 46255 | K61: =IF(OR(ISBLANK($I61), ISBLANK($J61)),"",NETWORKDAYS($I61,$J61)) -> 15 | L61: =IF(OR(ISBLANK($I61), ISBLANK($J61)), "", IF('진척율보고서'!$M$4 < $I61, 0, IF('진척율보고서'!$M$4 >= $J61, 1, NETWORKDAYS($I61,'진척율보고서'!$M$4)/$K61))) -> 0 | M61: 미착수 | N61: =IF($M61="완료",1,IF($M61="PM확인",0.95,IF($M61="PL확인",0.8,IF($M61="테스트",0.7,IF($M61="수행2단계",0.55,IF($M61="수행1단계",0.35,IF($M61="착수",0.2,IF($M61="미착수",0,"")))))))) -> 0
D62: 운영자시스템 기능 고도화
E63: 운영자 시스템 기능 협의 1차 | G63: 진흥원, 사업단 | I63: 46104 | J63: 46122 | K63: =IF(OR(ISBLANK($I63), ISBLANK($J63)),"",NETWORKDAYS($I63,$J63)) -> 15 | L63: =IF(OR(ISBLANK($I63), ISBLANK($J63)), "", IF('진척율보고서'!$M$4 < $I63, 0, IF('진척율보고서'!$M$4 >= $J63, 1, NETWORKDAYS($I63,'진척율보고서'!$M$4)/$K63))) -> 0.33333333 | M63: 착수 | N63: =IF($M63="완료",1,IF($M63="PM확인",0.95,IF($M63="PL확인",0.8,IF($M63="테스트",0.7,IF($M63="수행2단계",0.55,IF($M63="수행1단계",0.35,IF($M63="착수",0.2,IF($M63="미착수",0,"")))))))) -> 0.2 | O63: 46104
E64: 주문관리 - (사이트별(가치장터/STORE36.5) 분리 관리체계 마련) | G64: 사업단 | I64: 46125 | J64: 46136 | K64: =IF(OR(ISBLANK($I64), ISBLANK($J64)),"",NETWORKDAYS($I64,$J64)) -> 10 | L64: =IF(OR(ISBLANK($I64), ISBLANK($J64)), "", IF('진척율보고서'!$M$4 < $I64, 0, IF('진척율보고서'!$M$4 >= $J64, 1, NETWORKDAYS($I64,'진척율보고서'!$M$4)/$K64))) -> 0 | M64: 미착수 | N64: =IF($M64="완료",1,IF($M64="PM확인",0.95,IF($M64="PL확인",0.8,IF($M64="테스트",0.7,IF($M64="수행2단계",0.55,IF($M64="수행1단계",0.35,IF($M64="착수",0.2,IF($M64="미착수",0,"")))))))) -> 0
E65: 상품정보 - 상품등록 시 일괄등록 | G65: 사업단 | I65: 46139 | J65: 46171 | K65: =IF(OR(ISBLANK($I65), ISBLANK($J65)),"",NETWORKDAYS($I65,$J65)) -> 25 | L65: =IF(OR(ISBLANK($I65), ISBLANK($J65)), "", IF('진척율보고서'!$M$4 < $I65, 0, IF('진척율보고서'!$M$4 >= $J65, 1, NETWORKDAYS($I65,'진척율보고서'!$M$4)/$K65))) -> 0 | M65: 미착수 | N65: =IF($M65="완료",1,IF($M65="PM확인",0.95,IF($M65="PL확인",0.8,IF($M65="테스트",0.7,IF($M65="수행2단계",0.55,IF($M65="수행1단계",0.35,IF($M65="착수",0.2,IF($M65="미착수",0,"")))))))) -> 0
E66: 배송비 일괄설정 | G66: 사업단 | I66: 46139 | J66: 46171 | K66: =IF(OR(ISBLANK($I66), ISBLANK($J66)),"",NETWORKDAYS($I66,$J66)) -> 25 | L66: =IF(OR(ISBLANK($I66), ISBLANK($J66)), "", IF('진척율보고서'!$M$4 < $I66, 0, IF('진척율보고서'!$M$4 >= $J66, 1, NETWORKDAYS($I66,'진척율보고서'!$M$4)/$K66))) -> 0 | M66: 미착수 | N66: =IF($M66="완료",1,IF($M66="PM확인",0.95,IF($M66="PL확인",0.8,IF($M66="테스트",0.7,IF($M66="수행2단계",0.55,IF($M66="수행1단계",0.35,IF($M66="착수",0.2,IF($M66="미착수",0,"")))))))) -> 0
E67: 운영자 시스템 기능 협의 2차 | G67: 진흥원, 사업단 | I67: 46125 | J67: 46143 | K67: =IF(OR(ISBLANK($I67), ISBLANK($J67)),"",NETWORKDAYS($I67,$J67)) -> 15 | L67: =IF(OR(ISBLANK($I67), ISBLANK($J67)), "", IF('진척율보고서'!$M$4 < $I67, 0, IF('진척율보고서'!$M$4 >= $J67, 1, NETWORKDAYS($I67,'진척율보고서'!$M$4)/$K67))) -> 0 | M67: 미착수 | N67: =IF($M67="완료",1,IF($M67="PM확인",0.95,IF($M67="PL확인",0.8,IF($M67="테스트",0.7,IF($M67="수행2단계",0.55,IF($M67="수행1단계",0.35,IF($M67="착수",0.2,IF($M67="미착수",0,"")))))))) -> 0
E68: 운영자 대시보드 (디자인) | G68: 사업단 | I68: 46223 | J68: 46234 | K68: =IF(OR(ISBLANK($I68), ISBLANK($J68)),"",NETWORKDAYS($I68,$J68)) -> 10 | L68: =IF(OR(ISBLANK($I68), ISBLANK($J68)), "", IF('진척율보고서'!$M$4 < $I68, 0, IF('진척율보고서'!$M$4 >= $J68, 1, NETWORKDAYS($I68,'진척율보고서'!$M$4)/$K68))) -> 0 | M68: 미착수 | N68: =IF($M68="완료",1,IF($M68="PM확인",0.95,IF($M68="PL확인",0.8,IF($M68="테스트",0.7,IF($M68="수행2단계",0.55,IF($M68="수행1단계",0.35,IF($M68="착수",0.2,IF($M68="미착수",0,"")))))))) -> 0
E69: 전시관리 - 기획전 기능(할인적용 일괄처리방식적용) | G69: 사업단 | I69: 46174 | J69: 46192 | K69: =IF(OR(ISBLANK($I69), ISBLANK($J69)),"",NETWORKDAYS($I69,$J69)) -> 15 | L69: =IF(OR(ISBLANK($I69), ISBLANK($J69)), "", IF('진척율보고서'!$M$4 < $I69, 0, IF('진척율보고서'!$M$4 >= $J69, 1, NETWORKDAYS($I69,'진척율보고서'!$M$4)/$K69))) -> 0 | M69: 미착수 | N69: =IF($M69="완료",1,IF($M69="PM확인",0.95,IF($M69="PL확인",0.8,IF($M69="테스트",0.7,IF($M69="수행2단계",0.55,IF($M69="수행1단계",0.35,IF($M69="착수",0.2,IF($M69="미착수",0,"")))))))) -> 0
E70: 전시관리 - 포인트 기능 | G70: 사업단 | I70: 46195 | J70: 46220 | K70: =IF(OR(ISBLANK($I70), ISBLANK($J70)),"",NETWORKDAYS($I70,$J70)) -> 20 | L70: =IF(OR(ISBLANK($I70), ISBLANK($J70)), "", IF('진척율보고서'!$M$4 < $I70, 0, IF('진척율보고서'!$M$4 >= $J70, 1, NETWORKDAYS($I70,'진척율보고서'!$M$4)/$K70))) -> 0 | M70: 미착수 | N70: =IF($M70="완료",1,IF($M70="PM확인",0.95,IF($M70="PL확인",0.8,IF($M70="테스트",0.7,IF($M70="수행2단계",0.55,IF($M70="수행1단계",0.35,IF($M70="착수",0.2,IF($M70="미착수",0,"")))))))) -> 0
E71: 전시관리 - 쿠폰 기능 | G71: 사업단 | I71: 46195 | J71: 46220 | K71: =IF(OR(ISBLANK($I71), ISBLANK($J71)),"",NETWORKDAYS($I71,$J71)) -> 20 | L71: =IF(OR(ISBLANK($I71), ISBLANK($J71)), "", IF('진척율보고서'!$M$4 < $I71, 0, IF('진척율보고서'!$M$4 >= $J71, 1, NETWORKDAYS($I71,'진척율보고서'!$M$4)/$K71))) -> 0 | M71: 미착수 | N71: =IF($M71="완료",1,IF($M71="PM확인",0.95,IF($M71="PL확인",0.8,IF($M71="테스트",0.7,IF($M71="수행2단계",0.55,IF($M71="수행1단계",0.35,IF($M71="착수",0.2,IF($M71="미착수",0,"")))))))) -> 0
E72: 카테고리관리 - 분류된 대분류카테고리 썸네일 설정 | G72: 사업단 | I72: 46174 | J72: 46192 | K72: =IF(OR(ISBLANK($I72), ISBLANK($J72)),"",NETWORKDAYS($I72,$J72)) -> 15 | L72: =IF(OR(ISBLANK($I72), ISBLANK($J72)), "", IF('진척율보고서'!$M$4 < $I72, 0, IF('진척율보고서'!$M$4 >= $J72, 1, NETWORKDAYS($I72,'진척율보고서'!$M$4)/$K72))) -> 0 | M72: 미착수 | N72: =IF($M72="완료",1,IF($M72="PM확인",0.95,IF($M72="PL확인",0.8,IF($M72="테스트",0.7,IF($M72="수행2단계",0.55,IF($M72="수행1단계",0.35,IF($M72="착수",0.2,IF($M72="미착수",0,"")))))))) -> 0
E73: 스토어 매장운영관리 기능 | G73: 사업단 | I73: 46174 | J73: 46203 | K73: =IF(OR(ISBLANK($I73), ISBLANK($J73)),"",NETWORKDAYS($I73,$J73)) -> 22 | L73: =IF(OR(ISBLANK($I73), ISBLANK($J73)), "", IF('진척율보고서'!$M$4 < $I73, 0, IF('진척율보고서'!$M$4 >= $J73, 1, NETWORKDAYS($I73,'진척율보고서'!$M$4)/$K73))) -> 0 | M73: 미착수 | N73: =IF($M73="완료",1,IF($M73="PM확인",0.95,IF($M73="PL확인",0.8,IF($M73="테스트",0.7,IF($M73="수행2단계",0.55,IF($M73="수행1단계",0.35,IF($M73="착수",0.2,IF($M73="미착수",0,"")))))))) -> 0
D74: 판매자시스템 기능 고도화
A75: 터 | E75: 판매자 시스템 기능 협의 1차 | G75: 진흥원, 사업단 | I75: 46104 | J75: 46122 | K75: =IF(OR(ISBLANK($I75), ISBLANK($J75)),"",NETWORKDAYS($I75,$J75)) -> 15 | L75: =IF(OR(ISBLANK($I75), ISBLANK($J75)), "", IF('진척율보고서'!$M$4 < $I75, 0, IF('진척율보고서'!$M$4 >= $J75, 1, NETWORKDAYS($I75,'진척율보고서'!$M$4)/$K75))) -> 0.33333333 | M75: 착수 | N75: =IF($M75="완료",1,IF($M75="PM확인",0.95,IF($M75="PL확인",0.8,IF($M75="테스트",0.7,IF($M75="수행2단계",0.55,IF($M75="수행1단계",0.35,IF($M75="착수",0.2,IF($M75="미착수",0,"")))))))) -> 0.2 | O75: 46104
E76: 상품관리 - 서비스, 상품 등록 간소화방식 개선 | G76: 사업단 | I76: 46139 | J76: 46171 | K76: =IF(OR(ISBLANK($I76), ISBLANK($J76)),"",NETWORKDAYS($I76,$J76)) -> 25 | L76: =IF(OR(ISBLANK($I76), ISBLANK($J76)), "", IF('진척율보고서'!$M$4 < $I76, 0, IF('진척율보고서'!$M$4 >= $J76, 1, NETWORKDAYS($I76,'진척율보고서'!$M$4)/$K76))) -> 0 | M76: 미착수 | N76: =IF($M76="완료",1,IF($M76="PM확인",0.95,IF($M76="PL확인",0.8,IF($M76="테스트",0.7,IF($M76="수행2단계",0.55,IF($M76="수행1단계",0.35,IF($M76="착수",0.2,IF($M76="미착수",0,"")))))))) -> 0
E77: 상품관리 - 상품 간편관리 고도화(재고수량, 가치장터노출) | G77: 사업단 | I77: 46139 | J77: 46171 | K77: =IF(OR(ISBLANK($I77), ISBLANK($J77)),"",NETWORKDAYS($I77,$J77)) -> 25 | L77: =IF(OR(ISBLANK($I77), ISBLANK($J77)), "", IF('진척율보고서'!$M$4 < $I77, 0, IF('진척율보고서'!$M$4 >= $J77, 1, NETWORKDAYS($I77,'진척율보고서'!$M$4)/$K77))) -> 0 | M77: 미착수 | N77: =IF($M77="완료",1,IF($M77="PM확인",0.95,IF($M77="PL확인",0.8,IF($M77="테스트",0.7,IF($M77="수행2단계",0.55,IF($M77="수행1단계",0.35,IF($M77="착수",0.2,IF($M77="미착수",0,"")))))))) -> 0
E78: 판매자 시스템 기능 협의 2차 | G78: 진흥원, 사업단 | I78: 46125 | J78: 46143 | K78: =IF(OR(ISBLANK($I78), ISBLANK($J78)),"",NETWORKDAYS($I78,$J78)) -> 15 | L78: =IF(OR(ISBLANK($I78), ISBLANK($J78)), "", IF('진척율보고서'!$M$4 < $I78, 0, IF('진척율보고서'!$M$4 >= $J78, 1, NETWORKDAYS($I78,'진척율보고서'!$M$4)/$K78))) -> 0 | M78: 미착수 | N78: =IF($M78="완료",1,IF($M78="PM확인",0.95,IF($M78="PL확인",0.8,IF($M78="테스트",0.7,IF($M78="수행2단계",0.55,IF($M78="수행1단계",0.35,IF($M78="착수",0.2,IF($M78="미착수",0,"")))))))) -> 0
E79: 판매자 대시보드(디자인) | G79: 사업단 | I79: 46223 | J79: 46234 | K79: =IF(OR(ISBLANK($I79), ISBLANK($J79)),"",NETWORKDAYS($I79,$J79)) -> 10 | L79: =IF(OR(ISBLANK($I79), ISBLANK($J79)), "", IF('진척율보고서'!$M$4 < $I79, 0, IF('진척율보고서'!$M$4 >= $J79, 1, NETWORKDAYS($I79,'진척율보고서'!$M$4)/$K79))) -> 0 | M79: 미착수 | N79: =IF($M79="완료",1,IF($M79="PM확인",0.95,IF($M79="PL확인",0.8,IF($M79="테스트",0.7,IF($M79="수행2단계",0.55,IF($M79="수행1단계",0.35,IF($M79="착수",0.2,IF($M79="미착수",0,"")))))))) -> 0
E80: 기획전참여관리 - 자체할인 프로모션 등의 이벤트 신청기능 셋팅 | G80: 사업단 | I80: 46174 | J80: 46192 | K80: =IF(OR(ISBLANK($I80), ISBLANK($J80)),"",NETWORKDAYS($I80,$J80)) -> 15 | L80: =IF(OR(ISBLANK($I80), ISBLANK($J80)), "", IF('진척율보고서'!$M$4 < $I80, 0, IF('진척율보고서'!$M$4 >= $J80, 1, NETWORKDAYS($I80,'진척율보고서'!$M$4)/$K80))) -> 0 | M80: 미착수 | N80: =IF($M80="완료",1,IF($M80="PM확인",0.95,IF($M80="PL확인",0.8,IF($M80="테스트",0.7,IF($M80="수행2단계",0.55,IF($M80="수행1단계",0.35,IF($M80="착수",0.2,IF($M80="미착수",0,"")))))))) -> 0
E81: 정보 현행화(기업, 상품, 인증) 알림 고도화 | G81: 사업단 | I81: 46174 | J81: 46192 | K81: =IF(OR(ISBLANK($I81), ISBLANK($J81)),"",NETWORKDAYS($I81,$J81)) -> 15 | L81: =IF(OR(ISBLANK($I81), ISBLANK($J81)), "", IF('진척율보고서'!$M$4 < $I81, 0, IF('진척율보고서'!$M$4 >= $J81, 1, NETWORKDAYS($I81,'진척율보고서'!$M$4)/$K81))) -> 0 | M81: 미착수 | N81: =IF($M81="완료",1,IF($M81="PM확인",0.95,IF($M81="PL확인",0.8,IF($M81="테스트",0.7,IF($M81="수행2단계",0.55,IF($M81="수행1단계",0.35,IF($M81="착수",0.2,IF($M81="미착수",0,"")))))))) -> 0
D82: 데이터 분석체계 고도화
E83: 주요 통계 및 시각화 대상 협의 및 선정 | G83: 진흥원, 사업단 | I83: 46237 | J83: 46255 | K83: =IF(OR(ISBLANK($I83), ISBLANK($J83)),"",NETWORKDAYS($I83,$J83)) -> 15 | L83: =IF(OR(ISBLANK($I83), ISBLANK($J83)), "", IF('진척율보고서'!$M$4 < $I83, 0, IF('진척율보고서'!$M$4 >= $J83, 1, NETWORKDAYS($I83,'진척율보고서'!$M$4)/$K83))) -> 0 | M83: 미착수 | N83: =IF($M83="완료",1,IF($M83="PM확인",0.95,IF($M83="PL확인",0.8,IF($M83="테스트",0.7,IF($M83="수행2단계",0.55,IF($M83="수행1단계",0.35,IF($M83="착수",0.2,IF($M83="미착수",0,"")))))))) -> 0
E84: 주요 통계 대시보드 기능개선 개발 | G84: 사업단 | I84: 46258 | J84: 46295 | K84: =IF(OR(ISBLANK($I84), ISBLANK($J84)),"",NETWORKDAYS($I84,$J84)) -> 28 | L84: =IF(OR(ISBLANK($I84), ISBLANK($J84)), "", IF('진척율보고서'!$M$4 < $I84, 0, IF('진척율보고서'!$M$4 >= $J84, 1, NETWORKDAYS($I84,'진척율보고서'!$M$4)/$K84))) -> 0 | M84: 미착수 | N84: =IF($M84="완료",1,IF($M84="PM확인",0.95,IF($M84="PL확인",0.8,IF($M84="테스트",0.7,IF($M84="수행2단계",0.55,IF($M84="수행1단계",0.35,IF($M84="착수",0.2,IF($M84="미착수",0,"")))))))) -> 0
D85: 내/외부 연계
E86: 정보시스템
E87: 정보시스템(SEIS) 연계 협의 및 분석/설계 | G87: 진흥원, 사업단 | I87: 46174 | J87: 46192 | K87: =IF(OR(ISBLANK($I87), ISBLANK($J87)),"",NETWORKDAYS($I87,$J87)) -> 15 | L87: =IF(OR(ISBLANK($I87), ISBLANK($J87)), "", IF('진척율보고서'!$M$4 < $I87, 0, IF('진척율보고서'!$M$4 >= $J87, 1, NETWORKDAYS($I87,'진척율보고서'!$M$4)/$K87))) -> 0 | M87: 미착수 | N87: =IF($M87="완료",1,IF($M87="PM확인",0.95,IF($M87="PL확인",0.8,IF($M87="테스트",0.7,IF($M87="수행2단계",0.55,IF($M87="수행1단계",0.35,IF($M87="착수",0.2,IF($M87="미착수",0,"")))))))) -> 0
E88: 정보시스템(SEIS) 데이터 연계 기능개선 개발 | G88: 사업단 | I88: 46195 | J88: 46220 | K88: =IF(OR(ISBLANK($I88), ISBLANK($J88)),"",NETWORKDAYS($I88,$J88)) -> 20 | L88: =IF(OR(ISBLANK($I88), ISBLANK($J88)), "", IF('진척율보고서'!$M$4 < $I88, 0, IF('진척율보고서'!$M$4 >= $J88, 1, NETWORKDAYS($I88,'진척율보고서'!$M$4)/$K88))) -> 0 | M88: 미착수 | N88: =IF($M88="완료",1,IF($M88="PM확인",0.95,IF($M88="PL확인",0.8,IF($M88="테스트",0.7,IF($M88="수행2단계",0.55,IF($M88="수행1단계",0.35,IF($M88="착수",0.2,IF($M88="미착수",0,"")))))))) -> 0
E89: 행안부
E90: 행정정보공동이용시스템 연계 협의(행정절차포함) | G90: 진흥원, 사업단 | I90: 46072 | J90: 46171 | K90: =IF(OR(ISBLANK($I90), ISBLANK($J90)),"",NETWORKDAYS($I90,$J90)) -> 72 | L90: =IF(OR(ISBLANK($I90), ISBLANK($J90)), "", IF('진척율보고서'!$M$4 < $I90, 0, IF('진척율보고서'!$M$4 >= $J90, 1, NETWORKDAYS($I90,'진척율보고서'!$M$4)/$K90))) -> 0.375 | M90: 착수 | N90: =IF($M90="완료",1,IF($M90="PM확인",0.95,IF($M90="PL확인",0.8,IF($M90="테스트",0.7,IF($M90="수행2단계",0.55,IF($M90="수행1단계",0.35,IF($M90="착수",0.2,IF($M90="미착수",0,"")))))))) -> 0.2 | O90: 46059
E91: 국세청-국세완납증명서 API연계 기능 개발 | G91: 사업단 | I91: 46174 | J91: 46192 | K91: =IF(OR(ISBLANK($I91), ISBLANK($J91)),"",NETWORKDAYS($I91,$J91)) -> 15 | L91: =IF(OR(ISBLANK($I91), ISBLANK($J91)), "", IF('진척율보고서'!$M$4 < $I91, 0, IF('진척율보고서'!$M$4 >= $J91, 1, NETWORKDAYS($I91,'진척율보고서'!$M$4)/$K91))) -> 0 | M91: 미착수 | N91: =IF($M91="완료",1,IF($M91="PM확인",0.95,IF($M91="PL확인",0.8,IF($M91="테스트",0.7,IF($M91="수행2단계",0.55,IF($M91="수행1단계",0.35,IF($M91="착수",0.2,IF($M91="미착수",0,"")))))))) -> 0
E92: 국민건강보험공단 - 4대보험완납증명서 API연계 기능 개발 | G92: 사업단 | I92: 46174 | J92: 46192 | K92: =IF(OR(ISBLANK($I92), ISBLANK($J92)),"",NETWORKDAYS($I92,$J92)) -> 15 | L92: =IF(OR(ISBLANK($I92), ISBLANK($J92)), "", IF('진척율보고서'!$M$4 < $I92, 0, IF('진척율보고서'!$M$4 >= $J92, 1, NETWORKDAYS($I92,'진척율보고서'!$M$4)/$K92))) -> 0 | M92: 미착수 | N92: =IF($M92="완료",1,IF($M92="PM확인",0.95,IF($M92="PL확인",0.8,IF($M92="테스트",0.7,IF($M92="수행2단계",0.55,IF($M92="수행1단계",0.35,IF($M92="착수",0.2,IF($M92="미착수",0,"")))))))) -> 0
E93: 행정안전부 - 지방세납세증명서 API연계 기능 개발 | G93: 사업단 | I93: 46174 | J93: 46192 | K93: =IF(OR(ISBLANK($I93), ISBLANK($J93)),"",NETWORKDAYS($I93,$J93)) -> 15 | L93: =IF(OR(ISBLANK($I93), ISBLANK($J93)), "", IF('진척율보고서'!$M$4 < $I93, 0, IF('진척율보고서'!$M$4 >= $J93, 1, NETWORKDAYS($I93,'진척율보고서'!$M$4)/$K93))) -> 0 | M93: 미착수 | N93: =IF($M93="완료",1,IF($M93="PM확인",0.95,IF($M93="PL확인",0.8,IF($M93="테스트",0.7,IF($M93="수행2단계",0.55,IF($M93="수행1단계",0.35,IF($M93="착수",0.2,IF($M93="미착수",0,"")))))))) -> 0
D94: 기타
E95: 원격지원 솔루션 도입 | G95: 진흥원, 사업단 | I95: 46084 | J95: 46142 | K95: =IF(OR(ISBLANK($I95), ISBLANK($J95)),"",NETWORKDAYS($I95,$J95)) -> 43 | L95: =IF(OR(ISBLANK($I95), ISBLANK($J95)), "", IF('진척율보고서'!$M$4 < $I95, 0, IF('진척율보고서'!$M$4 >= $J95, 1, NETWORKDAYS($I95,'진척율보고서'!$M$4)/$K95))) -> 0.44186047 | M95: 수행1단계 | N95: =IF($M95="완료",1,IF($M95="PM확인",0.95,IF($M95="PL확인",0.8,IF($M95="테스트",0.7,IF($M95="수행2단계",0.55,IF($M95="수행1단계",0.35,IF($M95="착수",0.2,IF($M95="미착수",0,"")))))))) -> 0.35 | O95: 46084
E96: 가치장터 세금계산서 도입 | G96: 진흥원, 사업단 | I96: 46084 | J96: 46142 | K96: =IF(OR(ISBLANK($I96), ISBLANK($J96)),"",NETWORKDAYS($I96,$J96)) -> 43 | L96: =IF(OR(ISBLANK($I96), ISBLANK($J96)), "", IF('진척율보고서'!$M$4 < $I96, 0, IF('진척율보고서'!$M$4 >= $J96, 1, NETWORKDAYS($I96,'진척율보고서'!$M$4)/$K96))) -> 0.44186047 | M96: 수행1단계 | N96: =IF($M96="완료",1,IF($M96="PM확인",0.95,IF($M96="PL확인",0.8,IF($M96="테스트",0.7,IF($M96="수행2단계",0.55,IF($M96="수행1단계",0.35,IF($M96="착수",0.2,IF($M96="미착수",0,"")))))))) -> 0.35 | O96: 46084
E97: 배송현황
E98: 배송조회 솔루션 도입 및 분석/설계 | G98: 진흥원, 사업단 | I98: 46084 | J98: 46136 | K98: =IF(OR(ISBLANK($I98), ISBLANK($J98)),"",NETWORKDAYS($I98,$J98)) -> 39 | L98: =IF(OR(ISBLANK($I98), ISBLANK($J98)), "", IF('진척율보고서'!$M$4 < $I98, 0, IF('진척율보고서'!$M$4 >= $J98, 1, NETWORKDAYS($I98,'진척율보고서'!$M$4)/$K98))) -> 0.48717949 | M98: 수행2단계 | N98: =IF($M98="완료",1,IF($M98="PM확인",0.95,IF($M98="PL확인",0.8,IF($M98="테스트",0.7,IF($M98="수행2단계",0.55,IF($M98="수행1단계",0.35,IF($M98="착수",0.2,IF($M98="미착수",0,"")))))))) -> 0.55 | O98: 46084
E99: 배송조회 설치 및 개발 | G99: 사업단 | I99: 46139 | J99: 46171 | K99: =IF(OR(ISBLANK($I99), ISBLANK($J99)),"",NETWORKDAYS($I99,$J99)) -> 25 | L99: =IF(OR(ISBLANK($I99), ISBLANK($J99)), "", IF('진척율보고서'!$M$4 < $I99, 0, IF('진척율보고서'!$M$4 >= $J99, 1, NETWORKDAYS($I99,'진척율보고서'!$M$4)/$K99))) -> 0 | M99: 미착수 | N99: =IF($M99="완료",1,IF($M99="PM확인",0.95,IF($M99="PL확인",0.8,IF($M99="테스트",0.7,IF($M99="수행2단계",0.55,IF($M99="수행1단계",0.35,IF($M99="착수",0.2,IF($M99="미착수",0,"")))))))) -> 0

Sheet 5.SLA협약
B2: 6. SLA협약 | I2: 계획진척률(누적) | K2: =(SUM(L8:L23)/(COUNT(L8:L23))) -> 0.375 | M2: 실적진척률(누적) | O2: =(SUM(N8:N23)/(COUNT(N8:N23))) -> 0.37916667
I3: 계획 | M3: 실적
B4: 구분 | C4: 단계 | D4: 업무 | F4: 산출물 | G4: 담당자 | H4: 가중치 | I4: 계획시작일 | J4: 계획종료일 | K4: 기간(day) | L4: 진척률 | M4: 상태 | N4: 실적진척률 | O4: 실제시작일 | P4: 실제종료일
D5: 요약 | E5: 업무내용
B6: 판로플랫폼 유지보수 | H6: ='진척율보고서'!H14 -> 20 | K6: =IF(OR(ISBLANK($I6), ISBLANK($J6)),"",NETWORKDAYS($I6,$J6)) | L6: =K2*H6/100 -> 0.075 | N6: =O2*H6/100 -> 0.075833333
C7: SLA협약 | I7: =MIN(I8:I23) -> 46076 | J7: =MAX(J8:J23) -> 46204 | K7: =IF(OR(ISBLANK($I7), ISBLANK($J7)),"",NETWORKDAYS($I7,$J7)) -> 93 | L7: =SUM(L8:L23)/COUNT(L8:L23) -> 0.375 | N7: =SUM(N8:N23)/COUNT(N8:N23) -> 0.37916667
D8: 분석
E9: 타기관 SLA 지표 분석 | F9: SLA_협약서_비교분석_보고서 | I9: 46076 | J9: 46080 | K9: =IF(OR(ISBLANK($I9), ISBLANK($J9)),"",NETWORKDAYS($I9,$J9)) -> 5 | L9: =IF(OR(ISBLANK($I9), ISBLANK($J9)), "", IF('진척율보고서'!$M$4 < $I9, 0, IF('진척율보고서'!$M$4 >= $J9, 1, NETWORKDAYS($I9,'진척율보고서'!$M$4)/$K9))) -> 1 | M9: 완료 | N9: =IF($M9="완료",1,IF($M9="PM확인",0.95,IF($M9="PL확인",0.8,IF($M9="테스트",0.7,IF($M9="수행2단계",0.55,IF($M9="수행1단계",0.35,IF($M9="착수",0.2,IF($M9="미착수",0,"")))))))) -> 1
E10: SLA 목표 수준 정의 | F10: SLA_협약서_비교분석_보고서 | I10: 46076 | J10: 46080 | K10: =IF(OR(ISBLANK($I10), ISBLANK($J10)),"",NETWORKDAYS($I10,$J10)) -> 5 | L10: =IF(OR(ISBLANK($I10), ISBLANK($J10)), "", IF('진척율보고서'!$M$4 < $I10, 0, IF('진척율보고서'!$M$4 >= $J10, 1, NETWORKDAYS($I10,'진척율보고서'!$M$4)/$K10))) -> 1 | M10: 완료 | N10: =IF($M10="완료",1,IF($M10="PM확인",0.95,IF($M10="PL확인",0.8,IF($M10="테스트",0.7,IF($M10="수행2단계",0.55,IF($M10="수행1단계",0.35,IF($M10="착수",0.2,IF($M10="미착수",0,"")))))))) -> 1
D11: 지표 도출
E12: 서비스 평가 항목 및 가중치 도출 | F12: SLA협약서(초안) | G12: 진흥원, 사업단 | I12: 46084 | J12: 46094 | K12: =IF(OR(ISBLANK($I12), ISBLANK($J12)),"",NETWORKDAYS($I12,$J12)) -> 9 | L12: =IF(OR(ISBLANK($I12), ISBLANK($J12)), "", IF('진척율보고서'!$M$4 < $I12, 0, IF('진척율보고서'!$M$4 >= $J12, 1, NETWORKDAYS($I12,'진척율보고서'!$M$4)/$K12))) -> 1 | M12: 완료 | N12: =IF($M12="완료",1,IF($M12="PM확인",0.95,IF($M12="PL확인",0.8,IF($M12="테스트",0.7,IF($M12="수행2단계",0.55,IF($M12="수행1단계",0.35,IF($M12="착수",0.2,IF($M12="미착수",0,"")))))))) -> 1
E13: 서비스 수준 평가 등급 도출 | F13: SLA협약서(초안) | G13: 진흥원, 사업단 | I13: 46097 | J13: 46101 | K13: =IF(OR(ISBLANK($I13), ISBLANK($J13)),"",NETWORKDAYS($I13,$J13)) -> 5 | L13: =IF(OR(ISBLANK($I13), ISBLANK($J13)), "", IF('진척율보고서'!$M$4 < $I13, 0, IF('진척율보고서'!$M$4 >= $J13, 1, NETWORKDAYS($I13,'진척율보고서'!$M$4)/$K13))) -> 1 | M13: 완료 | N13: =IF($M13="완료",1,IF($M13="PM확인",0.95,IF($M13="PL확인",0.8,IF($M13="테스트",0.7,IF($M13="수행2단계",0.55,IF($M13="수행1단계",0.35,IF($M13="착수",0.2,IF($M13="미착수",0,"")))))))) -> 1
E14: 서비스 평가항목별 지표 도출 | F14: SLA협약서(초안) | G14: 진흥원, 사업단 | I14: 46104 | J14: 46115 | K14: =IF(OR(ISBLANK($I14), ISBLANK($J14)),"",NETWORKDAYS($I14,$J14)) -> 10 | L14: =IF(OR(ISBLANK($I14), ISBLANK($J14)), "", IF('진척율보고서'!$M$4 < $I14, 0, IF('진척율보고서'!$M$4 >= $J14, 1, NETWORKDAYS($I14,'진척율보고서'!$M$4)/$K14))) -> 0.5 | M14: 수행2단계 | N14: =IF($M14="완료",1,IF($M14="PM확인",0.95,IF($M14="PL확인",0.8,IF($M14="테스트",0.7,IF($M14="수행2단계",0.55,IF($M14="수행1단계",0.35,IF($M14="착수",0.2,IF($M14="미착수",0,"")))))))) -> 0.55
E15: SLA 평가 처리 문서 개발 | F15: SLA협약서(초안) | G15: 진흥원, 사업단 | I15: 46118 | J15: 46129 | K15: =IF(OR(ISBLANK($I15), ISBLANK($J15)),"",NETWORKDAYS($I15,$J15)) -> 10 | L15: =IF(OR(ISBLANK($I15), ISBLANK($J15)), "", IF('진척율보고서'!$M$4 < $I15, 0, IF('진척율보고서'!$M$4 >= $J15, 1, NETWORKDAYS($I15,'진척율보고서'!$M$4)/$K15))) -> 0 | M15: 미착수 | N15: =IF($M15="완료",1,IF($M15="PM확인",0.95,IF($M15="PL확인",0.8,IF($M15="테스트",0.7,IF($M15="수행2단계",0.55,IF($M15="수행1단계",0.35,IF($M15="착수",0.2,IF($M15="미착수",0,"")))))))) -> 0
E16: 서비스 평가 항목 및 지표 확정 | F16: SLA협약서(초안) | G16: 진흥원, 사업단 | I16: 46132 | J16: 46136 | K16: =IF(OR(ISBLANK($I16), ISBLANK($J16)),"",NETWORKDAYS($I16,$J16)) -> 5 | L16: =IF(OR(ISBLANK($I16), ISBLANK($J16)), "", IF('진척율보고서'!$M$4 < $I16, 0, IF('진척율보고서'!$M$4 >= $J16, 1, NETWORKDAYS($I16,'진척율보고서'!$M$4)/$K16))) -> 0 | M16: 미착수 | N16: =IF($M16="완료",1,IF($M16="PM확인",0.95,IF($M16="PL확인",0.8,IF($M16="테스트",0.7,IF($M16="수행2단계",0.55,IF($M16="수행1단계",0.35,IF($M16="착수",0.2,IF($M16="미착수",0,"")))))))) -> 0
D17: 시범운영
E18: 시범운영 | I18: 46143 | J18: 46171 | K18: =IF(OR(ISBLANK($I18), ISBLANK($J18)),"",NETWORKDAYS($I18,$J18)) -> 21 | L18: =IF(OR(ISBLANK($I18), ISBLANK($J18)), "", IF('진척율보고서'!$M$4 < $I18, 0, IF('진척율보고서'!$M$4 >= $J18, 1, NETWORKDAYS($I18,'진척율보고서'!$M$4)/$K18))) -> 0 | M18: 미착수 | N18: =IF($M18="완료",1,IF($M18="PM확인",0.95,IF($M18="PL확인",0.8,IF($M18="테스트",0.7,IF($M18="수행2단계",0.55,IF($M18="수행1단계",0.35,IF($M18="착수",0.2,IF($M18="미착수",0,"")))))))) -> 0
E19: 시범운영 결과 분석 | I19: 46174 | J19: 46178 | K19: =IF(OR(ISBLANK($I19), ISBLANK($J19)),"",NETWORKDAYS($I19,$J19)) -> 5 | L19: =IF(OR(ISBLANK($I19), ISBLANK($J19)), "", IF('진척율보고서'!$M$4 < $I19, 0, IF('진척율보고서'!$M$4 >= $J19, 1, NETWORKDAYS($I19,'진척율보고서'!$M$4)/$K19))) -> 0 | M19: 미착수 | N19: =IF($M19="완료",1,IF($M19="PM확인",0.95,IF($M19="PL확인",0.8,IF($M19="테스트",0.7,IF($M19="수행2단계",0.55,IF($M19="수행1단계",0.35,IF($M19="착수",0.2,IF($M19="미착수",0,"")))))))) -> 0
E20: 시범운영 결과 보고 | I20: 46181 | J20: 46185 | K20: =IF(OR(ISBLANK($I20), ISBLANK($J20)),"",NETWORKDAYS($I20,$J20)) -> 5 | L20: =IF(OR(ISBLANK($I20), ISBLANK($J20)), "", IF('진척율보고서'!$M$4 < $I20, 0, IF('진척율보고서'!$M$4 >= $J20, 1, NETWORKDAYS($I20,'진척율보고서'!$M$4)/$K20))) -> 0 | M20: 미착수 | N20: =IF($M20="완료",1,IF($M20="PM확인",0.95,IF($M20="PL확인",0.8,IF($M20="테스트",0.7,IF($M20="수행2단계",0.55,IF($M20="수행1단계",0.35,IF($M20="착수",0.2,IF($M20="미착수",0,"")))))))) -> 0
D21: 확정
E22: SLA 최종 확정 | F22: SLA협약서(최종)) | G22: 진흥원, 사업단 | I22: 46188 | J22: 46192 | K22: =IF(OR(ISBLANK($I22), ISBLANK($J22)),"",NETWORKDAYS($I22,$J22)) -> 5 | L22: =IF(OR(ISBLANK($I22), ISBLANK($J22)), "", IF('진척율보고서'!$M$4 < $I22, 0, IF('진척율보고서'!$M$4 >= $J22, 1, NETWORKDAYS($I22,'진척율보고서'!$M$4)/$K22))) -> 0 | M22: 미착수 | N22: =IF($M22="완료",1,IF($M22="PM확인",0.95,IF($M22="PL확인",0.8,IF($M22="테스트",0.7,IF($M22="수행2단계",0.55,IF($M22="수행1단계",0.35,IF($M22="착수",0.2,IF($M22="미착수",0,"")))))))) -> 0
E23: SLA 적용 | F23: 월간보고서(7월말) | I23: 46204 | J23: 46204 | K23: =IF(OR(ISBLANK($I23), ISBLANK($J23)),"",NETWORKDAYS($I23,$J23)) -> 1 | L23: =IF(OR(ISBLANK($I23), ISBLANK($J23)), "", IF('진척율보고서'!$M$4 < $I23, 0, IF('진척율보고서'!$M$4 >= $J23, 1, NETWORKDAYS($I23,'진척율보고서'!$M$4)/$K23))) -> 0 | M23: 미착수 | N23: =IF($M23="완료",1,IF($M23="PM확인",0.95,IF($M23="PL확인",0.8,IF($M23="테스트",0.7,IF($M23="수행2단계",0.55,IF($M23="수행1단계",0.35,IF($M23="착수",0.2,IF($M23="미착수",0,"")))))))) -> 0

Sheet (중요) 업무요청시트(260223)
A1: ㅇ 작성 유의사항 -> 개발 필요사항 등 어드민 페이지에서 작성하기 어려운 내용만 해당 시트로 요청 예정, 그 외 사항은 어드민 페이지에서 요청입력 예정 - 현재시트 외 각 카테고리별로 각 시트별 예시를 참고하여 담당자별 프로젝트 관리사항 입력 관리 요청 - 해당 자료를 기반으로, 주간 보고, 월간 보고 등 활용 예정 | K1: ※ 주간 또는 월간 회의 매주 15시 2.24.(화) 15시 * 참석자: 진흥원 김영규 팀장, 황병준 과장 * 요청사항: 줌 개설 후 회의 참가 링크 공유 요청
A2: 2026년 판로플랫폼 고도화 및 유지관리 용역 업무관리시트(관리용) | K2: 필요 시 작성 | L2: 필요 시 작성 | M2: 필요 시 작성 | N2: 필요 시 작성 | O2: 필요 시 작성
A3: 연번 | B3: 구분 | C3: 우선순위 | D3: 상태 | E3: 요청일 | F3: 완료 희망일 | G3: 완료일 | H3: 요청자 (진흥원 담당) | I3: 처리 담당자 (수행사) | J3: 요청사항 (진흥원->수행사) | K3: 요청 사항 (수행사->진흥원) | L3: 조치사항 (진흥원) | M3: 조치사항 (수행사) | N3: 처리 결과 (진흥원) | O3: 처리 결과 (수행사)
A4: 1 | B4: 1. 사업관리 | C4: 보통 | D4: 완료 | E4: 46045 | F4: 46045 | G4: 46045 | H4: 황병준 | I4: 김선형 | J4: 페이지 로딩속도 반응 느림 및 불안정 | K4: 클라우드 서버 증량 필요 | L4: 필요 내역(메모리 증설 등) 회신 요청 | M4: 필요 내역(메모리 증설 등) 회신 완료 | N4: 진흥원 정보화팀 요청 완료(3~4일 소요 에정) | O4: 1/21(목) 18:00 ~ 19:10 WAS1,2서버 메모리 증설 완료
A5: 2 | B5: 2. 챗봇 | C5: 보통 | D5: 완료 | E5: 46045 | F5: 46058 | G5: 46058 | H5: 황병준 | I5: 송현주 | J5: 간편인증 화면 개선
A6: 3 | B6: 2. 챗봇 | C6: 긴급 | D6: 완료 | E6: 46045 | F6: 46098 | G6: 46098 | H6: 황병준 | J6: 챗봇, 티켓관리 솔루션 나라장터 입점 여부 및 구매 가능 여부 확인(구매 가능 예산 최대 55백만원) | N6: 챗봇(자산), 그외(클라우드 서비스 이용) | O6: 확인 후 메일 회신 완료
A7: 4 | B7: 4. 기능개선 | C7: 보통 | D7: 완료 | E7: 46044 | F7: 46044 | G7: 46044 | H7: 황병준 | I7: 황안나 | J7: 어드민 관리자 계정 생성 (ID) socialover | O7: 1/22 메일로 관련 내용 전달
A8: 5 | B8: 4. 기능개선 | C8: 보통 | D8: 완료 | E8: 46044 | F8: 46044 | G8: 46044 | H8: 황병준 | I8: 황안나 | J8: 어드민 페이지 등 정보접근 권한 관련 관계자 ID 및 이름 목록 요청 | O8: 1/22 메일로 관련 내용 전달
A9: 6 | B9: 1. 사업관리 | C9: 높음 | E9: 46048 | F9: 46059 | H9: 황병준 | I9: 장일훈 | J9: 2025년 유지관리 용역 개인정보 파기 공문 회신 요청
A10: 7 | B10: 1. 사업관리 | C10: 높음 | D10: 완료 | E10: 46050 | F10: 46063 | G10: 46063 | H10: 황병준 | I10: 장일훈 | J10: 착수보고회 일정('26.2.10.(화) 14:00~16:00(예정), 진흥원 7층 영상회의실 | L10: 장소 변경(서울->성남) | M10: 참여인력 파악 및 출력물 준비 필요
A11: 8 | B11: 1. 사업관리 | C11: 긴급 | D11: 완료 | E11: 46051 | F11: 46052 | G11: 46052 | H11: 신이수 | I11: 황안나 | J11: 어드민 관리자 계정 생성 (ID) 1sshin | O11: 1/30 메일로 관련 내용 전달
A12: 9 | B12: 1. 사업관리 | C12: 낮음 | D12: 완료 | E12: 46055 | F12: 46056 | G12: 46056 | H12: 황병준 | I12: 황안나 | J12: 주간회의 줌링크 생성 및 공유(2.3.(화) 15:00) | O12: 2/3 메일로 줌정보 전달
A13: 10 | B13: 1. 사업관리 | C13: 긴급 | D13: 완료 | E13: 46056 | F13: 46057 | G13: 46057 | H13: 황병준 | I13: 김선형 | J13: 시스템 오류사항(강원도 등) 접근 차단 원인 포함 보고서 제출 요청 | O13: 2/4 메일 전달(제목 : [502에러] 횡성군청 가치장터 접속에러 조치 내용)
A14: 11 | B14: 1. 사업관리 | C14: 보통 | D14: 완료 | E14: 46056 | F14: 46056 | G14: 46056 | H14: 황병준 | I14: 김선형 | J14: 클라우드 서버 증량 등 요청사항 정리 및 송부 요청 | O14: 2/3 메일 전달-첨부파일내용기입(제목 : [RE][한국사회적기업진흥원] [판로지원팀] 시스템 장애 조치 보고서 작성 양식 송부 및 회신 요청)
A15: 12 | B15: 1. 사업관리 | C15: 긴급 | D15: 완료 | E15: 46057 | F15: 46057 | G15: 46057 | H15: 황병준 | I15: 김선형 | J15: 방화벽 솔루션 재설치 내역(설치일자 등 포함) 관련 메일 전달 요청 | O15: 2/4 메일 전달(제목 : [FW][한국사회적기업진흥원] 판로서비스 웹방화벽(WAF) 변경에 따른 환경 설정 완료 및 테스트 요청의 건 [FW][한국사회적기업진흥원] 웹방화벽(WAF) 도입/변경에 따른 DNS 변경 요청 건)
A16: 13 | B16: 1. 사업관리 | C16: 보통 | D16: 완료 | E16: 46058 | F16: 46065 | G16: 46064 | H16: 황병준 | I16: 황안나 | J16: 정보접근권한 신청서 및 보안서약서 제출(투입인력 전원)_메일 송부 예정 | O16: 2/11 메일로 관련 내용 전달
A17: 14 | B17: 1. 사업관리 | C17: 높음 | D17: 완료 | E17: 46062 | F17: 46065 | G17: 46065 | H17: 황병준 | I17: 김선형 | J17: 엑셀리언트_구글애널리틱스4, 가치장터&스토어36.5 현재 적용 소스 코드 요청 | O17: 2/12 관련요청자료 메일로 전달
A18: 15 | B18: 4. 기능개선 | C18: 보통 | E18: 46063 | H18: 황병준 | J18: 검색엔진(와이즈넛) 검색 필터 변경 요청(기존 OR 조건 변경 AND 조건), 필요 시, 견적 요청 등 진행 부탁(와이즈넛)
A19: 16 | B19: 1. 사업관리 | C19: 긴급 | D19: 완료 | E19: 46073 | F19: 46077 | G19: 46077 | H19: 황병준 | I19: 황안나 | J19: 스토어 입점사 -> 사회적경제기업(사회적기업, 사회적협동조합, 창업기업 선택 후) 테스트 계정 생성 (ID) Test00015 | L19: (사유) 오엠 개인 계정으로 원래 테스트 계정 아님 | O19: 2/24 테스트계정 로그인계정 (tests2018) 메일로 전달
A20: 17 | B20: 1. 사업관리 | C20: 긴급 | D20: 완료 | E20: 46073 | F20: 46076 | G20: 46076 | H20: 황병준 | I20: 황안나 | J20: 가치장터-나라장터 연계(조달청 공고요청) 기관코드 일치 불일치 현황 점검(현황파악 요청) | O20: 2/23 행정표준기관코드와 비교 자료 메일로 전달
A21: 18 | B21: 1. 사업관리 | C21: 높음 | D21: 완료 | E21: 46073 | F21: 46098 | G21: 46098 | H21: 황병준 | J21: 가치장터-나라장터 조달청 공고요청 송신 후 나라장터 화면 확인 방법 확인 요청 | N21: 확인 완료, 화면 설계 변경 필요
A22: 19 | B22: 1. 사업관리 | C22: 긴급 | D22: 완료 | E22: 46076 | F22: 0202-02-25 | G22: 0202-02-25 | H22: 황병준 | I22: 황안나 | J22: 판로플랫폼 행정표준코드(대전, 충남, 광주, 전남, 대구, 경북) 연계 데이터 현황조사 | O22: 2/25 메일로 관련 파일 전달

Sheet (TODO) 서비스데스크 업무 관리
A1: ㅇ 작성범위 - 서비스데스크 및 추가 요건 사항에 대해 작성 및 관리
A2: 2026년 서비스데스크 업무 관리 시트
A3: No | B3: 출처 | C3: 요청자구분 | D3: 요청자 | E3: 요청일자 | F3: 요청사항 | G3: 협의내용 (회의 후 작성) | H3: 진행상태 | I3: 처리담당자 | J3: 처리예정일자 | K3: 처리완료일자 | L3: 처리결과 (시스템 반영 후 작성)
A4: 1 | B4: 서비스데스크 (1323) | C4: 진흥원 | D4: 이혜정 | E4: 46030 | F4: 가치장터 '기업정보 조회' 검색항목 추가, 수정 | G4: < 26-01-27 협의 > - 화면명 변경 - 검색조건 추가 및 순서변경 : 우선구매대상, 지역, 가격범위, 기업명(추가), 사업자등록번호, 사회적가치지표전체, 탁월, 우수)(추가) < 26-01-28 협의 > - (보류) 사회적가치지표 추가(추후 논의) | H4: 보류 | I4: 황안나 | J4: 46051 | K4: 46051 | L4: < 26-01-29 > 검색 항목(기업명) 추가 및 순서변경하여 반영함
A5: 2 | B5: 서비스데스크 (1322) | C5: 진흥원 | D5: 이혜정 | E5: 46028 | F5: 기관코드에 등록된 ‘대학’을 삭제 요청 | G5: < 26-01-27 협의 > - 기관 사용자 중 해당 기관으로 가입한 사용자가 존재, 가입자의 기관정보를 변경하기 전까지는 기관코드 삭제를 할 수 없음 - 기존 가입자의 기관코드부터 정리되면(진흥원 진행) 추후에 반영 예정 < 26-01-28 협의 > - 이호영 -> 한양대학교 수정 ① 현상태 유지 ② (검토) 연락 후 조정 등 ③ (검토) 약관 개정 후 강제 탈퇴 | H5: 완료 | I5: 황안나 | K5: 46057 | L5: < 26-02-04 > 담당자가 변경 요청시 기관변경 하기로 함
A6: 3 | B6: 서비스데스크 (1320) | C6: 오엠(운영사) | D6: 양진우 | E6: 46024 | F6: 1. 정가와 판매가가 다르게 등록될 경우 상품 목록 및 상세에 상품할인(%) 표시 2. 잔여수량 노출 | G6: < 26-01-27 협의 > - (보류) 판매가, 정가, 노출 등(추후 논의) - 잔여수량 노출은 반영 | H6: 보류 | I6: 황안나 | J6: 46062 | K6: 46055 | L6: < 26-02-02 > 상품 상세 페이지에 잔여수량 제공(단, 판매사가 설정하는 값에 따라 노출 또는 비노출 됨)
A7: 4 | B7: 서비스데스크 (1311) | C7: 진흥원 | D7: 이혜정 | E7: 46020 | F7: 서비스 상품 등록시에도 SV 아이콘 등록할 수 있게 요청 | G7: < 26-01-27 협의 > - 서비스 등록시 SV 아이콘 등록할 수 있도록 수정 | H7: 완료 | I7: 황안나 | J7: 46055 | K7: 46055 | L7: < 26-02-02 > 서비스 상품 등록시 SV아이콘 등록할 수 있도록 항목 추가함
A8: 5 | B8: 서비스데스크 (1308) | C8: 진흥원 | D8: 이혜정 | E8: 46020 | F8: 실시간 계좌이체 및 가상계좌 결제 이후 현금영수증 또는 세금계산서 발행 신청 가능하도록 요청 | G8: < 26-01-27 협의 > - 실시간 계좌이체 및 가상계좌는 결제시 이니시스 모듈에서 현금영수증 발행(소득공제용, 제출증빙용) 신청이 가능하기 때문에 구현 불필요하며, 만약 추가시 이중 발급될 소지 있음 < 26-01-28 협의 > ① 현상태 유지 ② (검토) 실시간 계좌이체 또는 가상계좌의 경우, 이니시스 모듈에 가서 발행하는 안내 사항 제작(공지사항, 챗봇 등을 통해 공지) | H8: 완료 | I8: 황안나 | J8: 46050 | K8: 46050 | L8: 현상태 유지로 완료처리함
A9: 6 | B9: 서비스데스크 (1301) | C9: 진흥원 | D9: 이혜정 | E9: 46013 | F9: 가치장터 회원가입 기관 고유번호증 등록 | G9: < 26-01-27 협의 > - 기관사용자 회원가입시 개별로 고유번호증 추가할 수 있도록 수정 | H9: 완료 | I9: 황안나 | J9: 46062 | K9: 46062 | L9: < 26-02-09 > 공공기관 사용자가 개별로 고유번호증 등록할 수 있도록 기능 추가함 - 관리자 승인시에도 고유번호증 다운받을 수 있도록 함
A10: 7 | B10: 서비스데스크 (1276) | C10: 진흥원 | D10: 이혜정 | E10: 46000 | F10: 사회적기업 지점 정보 연계 | G10: < 26-01-27 협의 > - (보류) 지점 관련 데이터 연계, 노출 부분 추후 진행 - 정보시스템과 논의 필요 | H10: 보류
A11: 8 | B11: 서비스데스크 (1268) | C11: 진흥원 | D11: 이혜정 | E11: 45996 | F11: 인증 만료일이 지난 기업에 대한 현행화 | G11: < 26-01-27 협의 > - (보류) 현행화 시점 관련 가이드 및 기준 마련 후 진행 | H11: 보류
A12: 9 | B12: 서비스데스크 (1260) | C12: 진흥원 | D12: 이혜정 | E12: 45989 | F12: 가치장터 경영정보> 판매처 현황 | G12: < 26-01-27 협의 > - 판매처 현황 최대 개수를 3개로 제한(거래금액 기준, TOP 3) - 금액 단위 위치 조정 : 거래금액(단위:천원) | H12: 완료 | I12: 황안나 | J12: 46051 | K12: 46051 | L12: < 26-01-29 > 판매자현황 3개, 금액 단위 위치 조정하여 반영함
A13: 10 | B13: 서비스데스크 (1224) | C13: 진흥원 | D13: 이혜정 | E13: 45975 | F13: 판매자 푸시단계별 알림고도화 푸시목록 | G13: < 26-01-27 협의 > - (보류) 알림 등 가이드 및 기준 마련 후 진행 | H13: 보류
A14: 11 | B14: 서비스데스크 (1373) | C14: 오엠(운영사) | D14: 김연수 | E14: 46062 | F14: 세금계산서 발행 에러 건 - 에러메시지 : 공급받는자 사업자번호의 회사정보 또는 MID 정보를 조회 할 수 없습니다. | G14: <에러원인> - 센드빌 모듈 내에 세금계산서 발행시 사용자는 하나의 사업자번호에 대해서만 세금계산서 발행이 가능하도록 되어져 있어 에러가 남 <조치방안> - 센드빌 모듈 내에 '회원자동가입정보' 등록시 한 사용자에 여러 사업자번호가 등록될 수 있도록 수정 | H14: 완료 | I14: 황안나 | J14: 46077 | K14: 46077 | L14: < 26-02-24 > 한 사용자에 여러 사업자번호가 등록될 수 있도록 로직 수정
A15: 12 | B15: 서비스데스크 (1387) | C15: 진흥원 | D15: 이수진 | E15: 46065 | F15: 구매실적(품목별, 월별), 계획(월별) -금액 포함해서 올라가도록 수정 요청 | G15: <조치방안> - 마이너스 금액도 등록할 수 있도록 수정 | H15: 완료 | I15: 황안나 | J15: 46077 | K15: 46076 | L15: < 26-02-23 > 마이너스 금액 포함하여 업로드되도록 개선함
A16: 13
A17: 14
A18: 15
A19: 16
A20: 17
A21: 18
A22: 19
A23: 20
A24: 21
A25: 22
A26: 23
A27: 24
... A43: 40
